WEEK,COUNTRY,DATES,TOURNAMENT,PRIZE,CATEGORY,CITY,LINK,YEAR,MS ENTRIES,MS WINNER,MS WINNER RANK,MS WINNER CP,MS FINALIST,MS FINALIST RANK,MS FINALIST CP,MS 3/4 1,MS 3/4 1 RANK,MS 3/4 1 CP,MS 3/4 2,MS 3/4 2 RANK,MS 3/4 2 CP,WS ENTRIES,WS WINNER,WS WINNER RANK,WS WINNER CP,WS FINALIST,WS FINALIST RANK,WS FINALIST CP,WS 3/4 1,WS 3/4 1 RANK,WS 3/4 1 CP,WS 3/4 2,WS 3/4 2 RANK,WS 3/4 2 CP,MD ENTRIES,MD WINNER,MD WINNER RANK,MD WINNER CP,MD FINALIST,MD FINALIST RANK,MD FINALIST CP,MD 3/4 1,MD 3/4 1 RANK,MD 3/4 1 CP,MD 3/4 2,MD 3/4 2 RANK,MD 3/4 2 CP,WD ENTRIES,WD WINNER,WD WINNER RANK,WD WINNER CP,WD FINALIST,WD FINALIST RANK,WD FINALIST CP,WD 3/4 1,WD 3/4 1 RANK,WD 3/4 1 CP,WD 3/4 2,WD 3/4 2 RANK,WD 3/4 2 CP,XD ENTRIES,XD WINNER,XD WINNER RANK,XD WINNER CP,XD FINALIST,XD FINALIST RANK,XD FINALIST CP,XD 3/4 1,XD 3/4 1 RANK,XD 3/4 1 CP,XD 3/4 2,XD 3/4 2 RANK,XD 3/4 2 CP
02,  THA,09-14,  PRINCESS SIRIVANNAVARI Thailand Masters 2018,150000,  HSBC BWF World Tour Super 300, Bangkok,https://bwfworldtour.bwfbadminton.com/tournament/3139/princess-sirivannavari-thailand-masters-2018/results/podium/,2018,127 ENTRIES FROM 18 COUNTRIES,TommySUGIARTO,25,11250,LEONGJun Hao,209,5700,LIEWDaren,90,2175,KantaphonWANGCHAROEN,59,2175,65 ENTRIES FROM 12 COUNTRIES,NitchaonJINDAPOL,13,11250,PornpaweeCHOCHUWONG,23,5700,SoniiaCHEAH,29,2175,KISONASelvaduray,97,2175,67 ENTRIES FROM 14 COUNTRIES,TinnISRIYANET / KittisakNAMDASH,54,11850,Wahyu NayakaARYA PANGKARYAN / Ade YusufSANTOSO,37,5700,BerryANGRIAWAN / HardiantoHARDIANTO,16,2100,GOHV Shem / TANWee Kiong,18,2100,45 ENTRIES FROM 13 COUNTRIES,JongkolphanKITITHARAKUL / RawindaPRAJONGJAI,9,11850,Anggia ShittaAWANDA / Ni Ketut MahadeISTARANI,19,5700,SavitreeAMITRAPAI / PacharapunCHOCHUWONG,70,2100,CHOWMei Kuan / LEEMeng Yean,20,2100,59 ENTRIES FROM 12 COUNTRIES,CHANPeng Soon / GOHLiu Ying,57,11850,DechapolPUAVARANUKROH / PuttitaSUPAJIRAKUL,91,5700,CHENTang Jie / PECKYen Wei,N/A,2100,NipitphonPHUANGPHUAPET / JongkolphanKITITHARAKUL,45,2100
03,  MAS,16-21,  PERODUA Malaysia Masters 2018,350000,  HSBC BWF World Tour Super 500, Bukit Jalil,https://bwfworldtour.bwfbadminton.com/tournament/3143/perodua-malaysia-masters-2018/results/podium/,2018,91 ENTRIES FROM 21 COUNTRIES,ViktorAXELSEN,1,26250,KentaNISHIMOTO,29,13300,LIEWDaren,90,5075,Hans-KristiVITTINGHUS,20,5075,68 ENTRIES FROM 17 COUNTRIES,RatchanokINTANON,6,26250,TAITzu Ying,1,13300,CarolinaMARIN,4,5075,AkaneYAMAGUCHI,2,5075,61 ENTRIES FROM 20 COUNTRIES,FajarALFIAN / Muhammad RianARDIANTO,17,27650,GOHV Shem / TANWee Kiong,18,13300,CHENHung Ling / WANGChi-Lin,9,4900,MadsCONRAD-PETERSEN / Mads PielerKOLDING,6,4900,46 ENTRIES FROM 16 COUNTRIES,Kamilla RytterJUHL / ChristinnaPEDERSEN,3,27650,CHENQing Chen / JIAYi Fan,1,13300,YukiFUKUSHIMA / SayakaHIROTA,5,4900,LEESo Hee / SHINSeung Chan,28,4900,52 ENTRIES FROM 17 COUNTRIES,TANGChun Man / TSEYing Suet,10,27650,ZHENGSi Wei / HUANGYa Qiong,44,13300,HafizFAIZAL / Gloria EmanuellWIDJAJA,83,4900,GOHSoon Huat / LAIShevon Jemie,14,4900
04,  INA,23-28,  DAIHATSU Indonesia Masters 2018,350000,  HSBC BWF World Tour Super 500, Jakarta,https://bwfworldtour.bwfbadminton.com/tournament/3140/daihatsu-indonesia-masters-2018/results/podium/,2018,107 ENTRIES FROM 17 COUNTRIES,Anthony SinGINTING,13,26250,KazumasaSAKAI,22,13300,CHOUTien Chen,7,5075,SONWan Ho,5,5075,75 ENTRIES FROM 18 COUNTRIES,TAITzu Ying,1,26250,SainaNEHWAL,10,13300,HEBing Jiao,9,5075,RatchanokINTANON,6,5075,77 ENTRIES FROM 17 COUNTRIES,Marcus FernaldiGIDEON / Kevin SanjayaSUKAMULJO,1,27650,LIJun Hui / LIUYu Chen,3,13300,LIUCheng / ZHANGNan,4,4900,SatwiksairajRANKIREDDY / ChiragSHETTY,31,4900,45 ENTRIES FROM 11 COUNTRIES,MisakiMATSUTOMO / AyakaTAKAHASHI,2,27650,GreysiaPOLII / ApriyaniRAHAYU,10,13300,LEESo Hee / SHINSeung Chan,27,4900,Kamilla RytterJUHL / ChristinnaPEDERSEN,3,4900,70 ENTRIES FROM 15 COUNTRIES,ZHENGSi Wei / HUANGYa Qiong,44,27650,TontowiAHMAD / LiliyanaNATSIR,3,13300,GOHSoon Huat / LAIShevon Jemie,14,4900,PraveenJORDAN / Melati DaevaOKTAVIANTI,N/A,4900
05,  IND,30-04,  YONEX-SUNRISE DR. AKHILESH DAS GUPTA India Open 2018,350000,  HSBC BWF World Tour Super 500, New Delhi,https://bwfworldtour.bwfbadminton.com/tournament/3170/yonex-sunrise-dr-akhilesh-das-gupta-india-open-2018/results/podium/,2018,98 ENTRIES FROM 13 COUNTRIES,SHIYu Qi,8,26250,CHOUTien Chen,7,13300,QIAOBin,34,5075,IskandarZULKARNAIN,97,5075,66 ENTRIES FROM 11 COUNTRIES,BeiwenZHANG,11,26250,PUSARLAV. Sindhu,3,13300,CHEUNGNgan Yi,25,5075,RatchanokINTANON,5,5075,58 ENTRIES FROM 10 COUNTRIES,Marcus FernaldiGIDEON / Kevin SanjayaSUKAMULJO,1,27650,KimASTRUP / Anders SkaarupRASMUSSEN,13,13300,HANCheng Kai / ZHOUHao Dong,67,4900,MohammadAHSAN / HendraSETIAWAN,N/A,4900,42 ENTRIES FROM 9 COUNTRIES,GreysiaPOLII / ApriyaniRAHAYU,11,27650,JongkolphanKITITHARAKUL / RawindaPRAJONGJAI,10,13300,DUYue / LIYin Hui,116,4900,Kamilla RytterJUHL / ChristinnaPEDERSEN,3,4900,60 ENTRIES FROM 10 COUNTRIES,MathiasCHRISTIANSEN / ChristinnaPEDERSEN,47,27650,PraveenJORDAN / Melati DaevaOKTAVIANTI,N/A,13300,HEJi Ting / DUYue,31,4900,Pranaav JerryCHOPRA / REDDYN. Sikki,18,4900
08,  SUI,20-25,  YONEX Swiss Open 2018,150000,  HSBC BWF World Tour Super 300, Basel,https://bwfworldtour.bwfbadminton.com/tournament/3144/yonex-swiss-open-2018/results/podium/,2018,71 ENTRIES FROM 21 COUNTRIES,SameerVERMA,30,11250,Jan OJORGENSEN,11,5700,LucasCORVEE,58,2175,KantaphonWANGCHAROEN,61,2175,47 ENTRIES FROM 18 COUNTRIES,SayakaTAKAHASHI,22,11250,NatsukiNIDAIRA,62,5700,EvgeniyaKOSETSKAYA,35,2175,MinatsuMITANI,29,2175,41 ENTRIES FROM 15 COUNTRIES,MathiasBOE / CarstenMOGENSEN,2,11850,TinnISRIYANET / KittisakNAMDASH,46,5700,ManeepongJONGJIT / NanthakarnYORDPHAISONG,163,2100,MarcusELLIS / ChrisLANGRIDGE,25,2100,34 ENTRIES FROM 16 COUNTRIES,AyakoSAKURAMOTO / YukikoTAKAHATA,53,11850,GabrielaSTOEVA / StefaniSTOEVA,12,5700,EmilieLEFEL / AnneTRAN,44,2100,NamiMATSUYAMA / ChiharuSHIDA,62,2100,43 ENTRIES FROM 16 COUNTRIES,MarkLAMSFUSS / IsabelHERTTRICH,22,11850,MarcusELLIS / LaurenSMITH,34,5700,Jones RalfyJANSEN / CarlaNYENHUIS,N/A,2100,BenLANE / JessicaPUGH,28,2100
10,  GER,06-11,  YONEX German Open 2018,150000,  HSBC BWF World Tour Super 300, Mülheim an der Ruhr,https://bwfworldtour.bwfbadminton.com/tournament/3146/yonex-german-open-2018/results/podium/,2018,96 ENTRIES FROM 26 COUNTRIES,CHOUTien Chen,7,11250,NGKa Long Ang,9,5700,KentaNISHIMOTO,21,2175,SHIYu Qi,8,2175,70 ENTRIES FROM 24 COUNTRIES,AkaneYAMAGUCHI,2,11250,CHENYu Fei,8,5700,NitchaonJINDAPOL,12,2175,NozomiOKUHARA,7,2175,59 ENTRIES FROM 21 COUNTRIES,TakutoINOUE / YukiKANEKO,10,11850,FajarALFIAN / Muhammad RianARDIANTO,11,5700,MohammadAHSAN / HendraSETIAWAN,N/A,2100,GOHV Shem / TANWee Kiong,13,2100,51 ENTRIES FROM 21 COUNTRIES,YukiFUKUSHIMA / SayakaHIROTA,4,11850,HUANGDong Ping / ZHENGYu,N/A,5700,CHANGYe Na / KIMHye Rin,N/A,2100,GabrielaSTOEVA / StefaniSTOEVA,13,2100,71 ENTRIES FROM 21 COUNTRIES,GOHSoon Huat / LAIShevon Jemie,12,11850,NiclasNOHR / SaraTHYGESEN,69,5700,CHOISolGyu / CHAEYuJung,14,2100,HEJi Ting / DUYue,34,2100
11,  ENG,14-18,  YONEX All England Open 2018,1000000,  HSBC BWF World Tour Super 1000, Birmingham,https://bwfworldtour.bwfbadminton.com/tournament/3141/yonex-all-england-open-2018/results/podium/,2018,53 ENTRIES FROM 18 COUNTRIES,SHIYu Qi,8,70000,LINDan,6,34000,HUANGYu Xiang,30,14000,SONWan Ho,4,14000,50 ENTRIES FROM 21 COUNTRIES,TAITzu Ying,1,70000,AkaneYAMAGUCHI,2,34000,CHENYu Fei,8,14000,PUSARLAV. Sindhu,4,14000,50 ENTRIES FROM 17 COUNTRIES,Marcus FernaldiGIDEON / Kevin SanjayaSUKAMULJO,1,74000,MathiasBOE / CarstenMOGENSEN,2,35000,MadsCONRAD-PETERSEN / Mads PielerKOLDING,6,14000,HiroyukiENDO / YutaWATANABE,31,14000,41 ENTRIES FROM 18 COUNTRIES,Kamilla RytterJUHL / ChristinnaPEDERSEN,3,74000,YukiFUKUSHIMA / SayakaHIROTA,4,35000,MayuMATSUMOTO / WakanaNAGAHARA,15,14000,ShihoTANAKA / KoharuYONEMOTO,6,14000,50 ENTRIES FROM 18 COUNTRIES,YutaWATANABE / ArisaHIGASHINO,31,74000,ZHENGSi Wei / HUANGYa Qiong,16,35000,MathiasCHRISTIANSEN / ChristinnaPEDERSEN,28,14000,ZHANGNan / LIYin Hui,8,14000
18,  NZL,01-06,  BARFOOT & THOMPSON New Zealand Open 2018,150000,  HSBC BWF World Tour Super 300, Auckland,https://bwfworldtour.bwfbadminton.com/tournament/3147/barfoot-thompson-new-zealand-open-2018/results/podium/,2018,93 ENTRIES FROM 21 COUNTRIES,LINDan,7,11250,JonatanCHRISTIE,11,5700,HEOKwang Hee,127,2175,SAI PRANEETB.,15,2175,61 ENTRIES FROM 17 COUNTRIES,SayakaTAKAHASHI,19,11250,ZHANGYi Man,108,5700,HANYue,105,2175,MinatsuMITANI,38,2175,49 ENTRIES FROM 14 COUNTRIES,CHENHung Ling / WANGChi-Lin,7,11850,BerryANGRIAWAN / HardiantoHARDIANTO,19,5700,HEJi Ting / TANQiang,36,2100,BodinISARA / NipitphonPHUANGPHUAPET,23,2100,34 ENTRIES FROM 10 COUNTRIES,AyakoSAKURAMOTO / YukikoTAKAHATA,37,11850,CAOTong Wei / ZHENGYu,262,5700,KIMHye Rin / KONGHee Yong,520,2100,ArisaHIGASHINO / KieNAKANISHI,141,2100,52 ENTRIES FROM 13 COUNTRIES,WANGChi-Lin / LEEChia Hsin,19,11850,SEOSeung Jae / CHAEYuJung,N/A,5700,HEJi Ting / DUYue,17,2100,DechapolPUAVARANUKROH / SapsireeTAERATTANACHAI,13,2100
19,  AUS,08-13,  CROWN GROUP Australian Open 2018,150000,  HSBC BWF World Tour Super 300, Sydney,https://bwfworldtour.bwfbadminton.com/tournament/3148/crown-group-australian-open-2018/results/podium/,2018,91 ENTRIES FROM 22 COUNTRIES,LUGuang Zu,203,11250,ZHOUZe Qi,158,5700,LEECheuk Yiu,42,2175,ZHAOJun Peng,82,2175,56 ENTRIES FROM 16 COUNTRIES,CAIYan Yan,96,11250,AyumiMINE,239,5700,CHEUNGNgan Yi,31,2175,MinatsuMITANI,38,2175,46 ENTRIES FROM 15 COUNTRIES,BerryANGRIAWAN / HardiantoHARDIANTO,19,11850,Wahyu NayakaARYA PANGKARYAN / Ade YusufSANTOSO,35,5700,ATTRIManu / REDDYB. Sumeeth,34,2100,KeiichiroMATSUI / YoshinoriTAKEUCHI,76,2100,30 ENTRIES FROM 10 COUNTRIES,AyakoSAKURAMOTO / YukikoTAKAHATA,48,11850,BAEKHa Na / LEEYu Lim,55,5700,MisatoARATAMA / AkaneWATANABE,27,2100,CHAEYuJung / KIMHye Jeong,N/A,2100,44 ENTRIES FROM 15 COUNTRIES,SEOSeung Jae / CHAEYuJung,N/A,11850,CHANPeng Soon / GOHLiu Ying,56,5700,CHOISolGyu / KIMHa Na,N/A,2100,WANGZe Kang / LIYin Hui,N/A,2100
24,  USA,12-17,  2018 YONEX US Open,150000,  HSBC BWF World Tour Super 300, Fullerton,https://bwfworldtour.bwfbadminton.com/tournament/3216/2018-yonex-us-open/results/podium/,2018,102 ENTRIES FROM 28 COUNTRIES,LEEDong Keun,37,11250,MarkCALJOUW,32,5700,AjayJAYARAM,90,2175,KhositPHETPRADAB,26,2175,56 ENTRIES FROM 19 COUNTRIES,LIXue Rui,232,11250,BeiwenZHANG,12,5700,MichelleLI,14,2175,AyaOHORI,16,2175,55 ENTRIES FROM 19 COUNTRIES,OUXuan Yi / RENXiang Yu,208,11850,KANGMin Hyuk / KIMWon Ho,166,5700,Jason AnthonyHO-SHUE / NylYAKURA,39,2100,JUNGJae Wook / KIMJae Hwan,215,2100,36 ENTRIES FROM 19 COUNTRIES,TANGJin Hua / YUXiao Han,73,11850,KIMHye Jeong / KIMSo Yeong,N/A,5700,NaokoFUKUMAN / KurumiYONAO,14,2100,CHOWMei Kuan / VivianHOO,270,2100,54 ENTRIES FROM 18 COUNTRIES,CHANPeng Soon / GOHLiu Ying,46,11850,MarvinSEIDEL / LindaEFLER,19,5700,MarkLAMSFUSS / IsabelHERTTRICH,17,2100,BenLANE / JessicaPUGH,27,2100
26,  MAS,26-01,  CELCOM AXIATA Malaysia Open 2018,700000,  HSBC BWF World Tour Super 750, Bukit Jalil,https://bwfworldtour.bwfbadminton.com/tournament/3142/celcom-axiata-malaysia-open-2018/results/podium/,2018,58 ENTRIES FROM 17 COUNTRIES,LEEChong Wei,7,49000,KentoMOMOTA,12,23800,KIDAMBISrikanth,4,9800,TommySUGIARTO,24,9800,45 ENTRIES FROM 15 COUNTRIES,TAITzu Ying,1,49000,HEBing Jiao,8,23800,RatchanokINTANON,4,9800,PUSARLAV. Sindhu,3,9800,42 ENTRIES FROM 14 COUNTRIES,TakeshiKAMURA / KeigoSONODA,6,51800,HiroyukiENDO / YutaWATANABE,32,24500,HEJi Ting / TANQiang,30,9800,LIJun Hui / LIUYu Chen,4,9800,28 ENTRIES FROM 10 COUNTRIES,MisakiMATSUTOMO / AyakaTAKAHASHI,4,51800,CHENQing Chen / JIAYi Fan,1,24500,Della DestiaraHARIS / Rizki AmeliaPRADIPTA,11,9800,KIMHye Rin / KONGHee Yong,130,9800,38 ENTRIES FROM 13 COUNTRIES,ZHENGSi Wei / HUANGYa Qiong,4,51800,WANGYi Lyu / HUANGDong Ping,2,24500,ChrisADCOCK / GabrielleADCOCK,11,9800,YutaWATANABE / ArisaHIGASHINO,25,9800
27,  INA,03-08,  BLIBLI Indonesia Open 2018,1250000,  HSBC BWF World Tour Super 1000, Jakarta,https://bwfworldtour.bwfbadminton.com/tournament/3149/blibli-indonesia-open-2018/results/podium/,2018,70 ENTRIES FROM 14 COUNTRIES,KentoMOMOTA,12,87500,ViktorAXELSEN,1,42500,LEEChong Wei,7,17500,SHIYu Qi,3,17500,50 ENTRIES FROM 14 COUNTRIES,TAITzu Ying,1,87500,CHENYu Fei,5,42500,HEBing Jiao,8,17500,SUNGJi Hyun,7,17500,58 ENTRIES FROM 14 COUNTRIES,Marcus FernaldiGIDEON / Kevin SanjayaSUKAMULJO,1,92500,TakutoINOUE / YukiKANEKO,11,43750,FajarALFIAN / Muhammad RianARDIANTO,12,17500,LIAOMin Chun / SUChing Heng,13,17500,50 ENTRIES FROM 13 COUNTRIES,YukiFUKUSHIMA / SayakaHIROTA,2,92500,MayuMATSUMOTO / WakanaNAGAHARA,10,43750,CHENQing Chen / JIAYi Fan,1,17500,MisakiMATSUTOMO / AyakaTAKAHASHI,4,17500,66 ENTRIES FROM 14 COUNTRIES,TontowiAHMAD / LiliyanaNATSIR,1,92500,CHANPeng Soon / GOHLiu Ying,34,43750,HafizFAIZAL / Gloria EmanuellWIDJAJA,19,17500,ZHENGSi Wei / HUANGYa Qiong,4,17500
28,  THA,10-15,  TOYOTA Thailand Open 2018,350000,  HSBC BWF World Tour Super 500, Bangkok,https://bwfworldtour.bwfbadminton.com/tournament/3150/toyota-thailand-open-2018/results/podium/,2018,60 ENTRIES FROM 15 COUNTRIES,KantaTSUNEYAMA,33,26250,TommySUGIARTO,25,13300,SuppanyuAVIHINGSANO,28,5075,Sony DwiKUNCORO,75,5075,69 ENTRIES FROM 17 COUNTRIES,NozomiOKUHARA,9,26250,PUSARLAV. Sindhu,3,13300,Gregoria MaTUNJUNG,33,5075,BeiwenZHANG,12,5075,54 ENTRIES FROM 12 COUNTRIES,TakeshiKAMURA / KeigoSONODA,6,27650,HiroyukiENDO / YutaWATANABE,32,13300,TakutoINOUE / YukiKANEKO,8,4900,BodinISARA / ManeepongJONGJIT,N/A,4900,47 ENTRIES FROM 14 COUNTRIES,GreysiaPOLII / ApriyaniRAHAYU,6,27650,MisakiMATSUTOMO / AyakaTAKAHASHI,5,13300,JongkolphanKITITHARAKUL / RawindaPRAJONGJAI,8,4900,ShihoTANAKA / KoharuYONEMOTO,4,4900,61 ENTRIES FROM 13 COUNTRIES,HafizFAIZAL / Gloria EmanuellWIDJAJA,18,27650,ChrisADCOCK / GabrielleADCOCK,9,13300,LUKai / CHENLu,N/A,4900,WANGChi-Lin / LEEChia Hsin,14,4900
29,  SGP,17-22,  Singapore Open 2018,355000,  HSBC BWF World Tour Super 500, Singapore,https://bwfworldtour.bwfbadminton.com/tournament/3151/singapore-open-2018/results/podium/,2018,72 ENTRIES FROM 18 COUNTRIES,CHOUTien Chen,6,26625,HSUJen Hao,36,13490,Tien MinhNGUYEN,63,5147,QIAOBin,34,5147,65 ENTRIES FROM 19 COUNTRIES,SayakaTAKAHASHI,15,26625,GAOFang Jie,32,13490,HANYue,77,5147,NitchaonJINDAPOL,11,5147,54 ENTRIES FROM 14 COUNTRIES,MohammadAHSAN / HendraSETIAWAN,43,28045,OUXuan Yi / RENXiang Yu,145,13490,HANCheng Kai / ZHOUHao Dong,44,4970,AnggaPRATAMA / Rian AgungSAPUTRO,84,4970,39 ENTRIES FROM 16 COUNTRIES,AyakoSAKURAMOTO / YukikoTAKAHATA,20,28045,NamiMATSUYAMA / ChiharuSHIDA,89,13490,JongkolphanKITITHARAKUL / RawindaPRAJONGJAI,8,4970,IsabelHERTTRICH / CarlaNYENHUIS,38,4970,50 ENTRIES FROM 11 COUNTRIES,GOHSoon Huat / LAIShevon Jemie,7,28045,TontowiAHMAD / LiliyanaNATSIR,1,13490,Akbar BintangCAHYONO / Winny OktavinaKANDOW,83,4970,DechapolPUAVARANUKROH / SapsireeTAERATTANACHAI,54,4970
35,  ESP,28-02,  Barcelona Spain Masters 2018,150000,  HSBC BWF World Tour Super 300, Barcelona,https://bwfworldtour.bwfbadminton.com/tournament/3145/barcelona-spain-masters-2018/results/podium/,2018,66 ENTRIES FROM 26 COUNTRIES,RasmusGEMKE,30,11250,SuppanyuAVIHINGSANO,28,5700,YuIGARASHI,54,2175,TobyPENTY,51,2175,43 ENTRIES FROM 18 COUNTRIES,MinatsuMITANI,28,11250,MiaBLICHFELDT,19,5700,KirstyGILMOUR,24,2175,Line HøjmaKJAERSFELDT,26,2175,37 ENTRIES FROM 16 COUNTRIES,KIMGi Jung / LEEYong Dae,N/A,11850,BodinISARA / ManeepongJONGJIT,78,5700,AkiraKOGA / TaichiSAITO,212,2100,CHENTang Jie / MANWei Chong,N/A,2100,26 ENTRIES FROM 14 COUNTRIES,MayuMATSUMOTO / WakanaNAGAHARA,9,11850,AyakoSAKURAMOTO / YukikoTAKAHATA,14,5700,MisatoARATAMA / AkaneWATANABE,42,2100,MaikenFRUERGAARD / SaraTHYGESEN,20,2100,37 ENTRIES FROM 13 COUNTRIES,NiclasNOHR / SaraTHYGESEN,23,11850,MarcusELLIS / LaurenSMITH,11,5700,CHENTang Jie / PECKYen Wei,68,2100,KoheiGONDO / AyaneKURIHARA,186,2100
37,  JPN,11-16,  DAIHATSU YONEX Japan Open 2018,700000,  HSBC BWF World Tour Super 750, Tokyo,https://bwfworldtour.bwfbadminton.com/tournament/3152/daihatsu-yonex-japan-open-2018/results/podium/,2018,53 ENTRIES FROM 17 COUNTRIES,KentoMOMOTA,7,49000,KhositPHETPRADAB,20,23800,ViktorAXELSEN,1,9800,LEEDong Keun,33,9800,39 ENTRIES FROM 17 COUNTRIES,CarolinaMARIN,8,49000,NozomiOKUHARA,6,23800,CHENYu Fei,5,9800,AyaOHORI,16,9800,47 ENTRIES FROM 17 COUNTRIES,Marcus FernaldiGIDEON / Kevin SanjayaSUKAMULJO,1,51800,LIJun Hui / LIUYu Chen,5,24500,CHENHung Ling / WANGChi-Lin,15,9800,HEJi Ting / TANQiang,21,9800,32 ENTRIES FROM 13 COUNTRIES,YukiFUKUSHIMA / SayakaHIROTA,2,51800,CHENQing Chen / JIAYi Fan,1,24500,DUYue / LIYin Hui,13,9800,GreysiaPOLII / ApriyaniRAHAYU,6,9800,41 ENTRIES FROM 15 COUNTRIES,ZHENGSi Wei / HUANGYa Qiong,2,51800,WANGYi Lyu / HUANGDong Ping,3,24500,CHANPeng Soon / GOHLiu Ying,9,9800,YutaWATANABE / ArisaHIGASHINO,14,9800
38,  CHN,18-23,  VICTOR China Open 2018,1000000,  HSBC BWF World Tour Super 1000, Changzhou,https://bwfworldtour.bwfbadminton.com/tournament/3153/victor-china-open-2018/results/podium/,2018,46 ENTRIES FROM 16 COUNTRIES,Anthony SinGINTING,12,70000,KentoMOMOTA,4,34000,CHOUTien Chen,6,14000,SHIYu Qi,2,14000,40 ENTRIES FROM 18 COUNTRIES,CarolinaMARIN,6,70000,CHENYu Fei,5,34000,NozomiOKUHARA,8,14000,AkaneYAMAGUCHI,2,14000,43 ENTRIES FROM 16 COUNTRIES,KimASTRUP / Anders SkaarupRASMUSSEN,8,74000,HANCheng Kai / ZHOUHao Dong,22,35000,CHENHung Ling / WANGChi-Lin,10,14000,Marcus FernaldiGIDEON / Kevin SanjayaSUKAMULJO,1,14000,36 ENTRIES FROM 15 COUNTRIES,MisakiMATSUTOMO / AyakaTAKAHASHI,2,74000,MayuMATSUMOTO / WakanaNAGAHARA,9,35000,GreysiaPOLII / ApriyaniRAHAYU,4,14000,GabrielaSTOEVA / StefaniSTOEVA,13,14000,42 ENTRIES FROM 16 COUNTRIES,ZHENGSi Wei / HUANGYa Qiong,1,74000,ZHANGNan / LIYin Hui,12,35000,TANGChun Man / TSEYing Suet,4,14000,WANGYi Lyu / HUANGDong Ping,2,14000
39,  KOR,25-30,  VICTOR Korea Open 2018,600000,  HSBC BWF World Tour Super 500, Seoul,https://bwfworldtour.bwfbadminton.com/tournament/3154/victor-korea-open-2018/results/podium/,2018,58 ENTRIES FROM 15 COUNTRIES,CHOUTien Chen,6,45000,TommySUGIARTO,13,22800,JonatanCHRISTIE,15,8700,KentaNISHIMOTO,10,8700,53 ENTRIES FROM 15 COUNTRIES,NozomiOKUHARA,8,45000,BeiwenZHANG,12,22800,SUNGJi Hyun,9,8700,AkaneYAMAGUCHI,2,8700,47 ENTRIES FROM 14 COUNTRIES,HiroyukiENDO / YutaWATANABE,13,47400,TakuroHOKI / YugoKOBAYASHI,19,22800,CHOISolGyu / SEOSeung Jae,189,8400,CHOOIKah Ming / LOWJuan Shen,72,8400,37 ENTRIES FROM 13 COUNTRIES,MisakiMATSUTOMO / AyakaTAKAHASHI,2,47400,YukiFUKUSHIMA / SayakaHIROTA,1,22800,NaokoFUKUMAN / KurumiYONAO,15,8400,ShihoTANAKA / KoharuYONEMOTO,5,8400,45 ENTRIES FROM 12 COUNTRIES,HEJi Ting / DUYue,10,47400,MathiasCHRISTIANSEN / ChristinnaPEDERSEN,5,22800,DechapolPUAVARANUKROH / SapsireeTAERATTANACHAI,15,8400,SEOSeung Jae / CHAEYuJung,82,8400
40,  TPE,02-07,  YONEX Chinese Taipei Open 2018,500000,  HSBC BWF World Tour Super 300, Taipei City,https://bwfworldtour.bwfbadminton.com/tournament/3155/yonex-chinese-taipei-open-2018/results/podium/,2018,61 ENTRIES FROM 17 COUNTRIES,LEEZii Jia,53,37500,RiichiTAKESHITA,118,19000,CHOUTien Chen,6,7250,Jan OJORGENSEN,41,7250,52 ENTRIES FROM 16 COUNTRIES,TAITzu Ying,1,37500,Line HøjmaKJAERSFELDT,26,19000,SoniiaCHEAH,37,7250,YIPPui Yin,34,7250,44 ENTRIES FROM 12 COUNTRIES,CHENHung Ling / WANGChi-Lin,10,39500,LIAOMin Chun / SUChing Heng,12,19000,BodinISARA / ManeepongJONGJIT,83,7000,LUChing Yao / YANGPo Han,26,7000,39 ENTRIES FROM 10 COUNTRIES,NamiMATSUYAMA / ChiharuSHIDA,27,39500,AyaneKURIHARA / NaruSHINOYA,N/A,19000,NaokoFUKUMAN / KurumiYONAO,15,7000,AyakoSAKURAMOTO / YukikoTAKAHATA,12,7000,40 ENTRIES FROM 8 COUNTRIES,Alfian EkoPRASETYA / Marsheilla GiscISLAMI,100,39500,YANGPo-Hsuan / WUTi Jung,N/A,19000,CHENTang Jie / PECKYen Wei,49,7000,RonaldRONALD / AnnisaSAUFIKA,52,7000
42,  DEN,16-21,  DANISA Denmark Open 2018,775000,  HSBC BWF World Tour Super 750, Odense,https://bwfworldtour.bwfbadminton.com/tournament/3156/danisa-denmark-open-2018/results/podium/,2018,56 ENTRIES FROM 21 COUNTRIES,KentoMOMOTA,4,54250,CHOUTien Chen,5,26350,AndersANTONSEN,16,10850,KIDAMBISrikanth,8,10850,49 ENTRIES FROM 20 COUNTRIES,TAITzu Ying,1,54250,SainaNEHWAL,10,26350,HEBing Jiao,7,10850,Gregoria MaTUNJUNG,23,10850,48 ENTRIES FROM 16 COUNTRIES,Marcus FernaldiGIDEON / Kevin SanjayaSUKAMULJO,1,57350,TakeshiKAMURA / KeigoSONODA,3,27125,MohammadAHSAN / HendraSETIAWAN,17,10850,MarcusELLIS / ChrisLANGRIDGE,27,10850,43 ENTRIES FROM 18 COUNTRIES,YukiFUKUSHIMA / SayakaHIROTA,1,57350,ShihoTANAKA / KoharuYONEMOTO,5,27125,KIMHye Jeong / KONGHee Yong,N/A,10850,GreysiaPOLII / ApriyaniRAHAYU,4,10850,52 ENTRIES FROM 19 COUNTRIES,ZHENGSi Wei / HUANGYa Qiong,1,57350,DechapolPUAVARANUKROH / SapsireeTAERATTANACHAI,11,27125,TontowiAHMAD / LiliyanaNATSIR,3,10850,SEOSeung Jae / CHAEYuJung,72,10850
43,  FRA,23-28,  YONEX French Open 2018,750000,  HSBC BWF World Tour Super 750, Paris,https://bwfworldtour.bwfbadminton.com/tournament/3157/yonex-french-open-2018/results/podium/,2018,55 ENTRIES FROM 20 COUNTRIES,CHENLong,7,52500,SHIYu Qi,2,25500,RasmusGEMKE,23,10500,KentoMOMOTA,4,10500,50 ENTRIES FROM 20 COUNTRIES,AkaneYAMAGUCHI,2,52500,TAITzu Ying,1,25500,CHENYu Fei,5,10500,HEBing Jiao,7,10500,48 ENTRIES FROM 17 COUNTRIES,HANCheng Kai / ZHOUHao Dong,23,55500,Marcus FernaldiGIDEON / Kevin SanjayaSUKAMULJO,1,26250,LEEJhe-Huei / LEEYang,12,10500,SatwiksairajRANKIREDDY / ChiragSHETTY,18,10500,45 ENTRIES FROM 20 COUNTRIES,MayuMATSUMOTO / WakanaNAGAHARA,6,55500,GabrielaSTOEVA / StefaniSTOEVA,13,26250,LEESo Hee / SHINSeung Chan,7,10500,GreysiaPOLII / ApriyaniRAHAYU,4,10500,53 ENTRIES FROM 19 COUNTRIES,ZHENGSi Wei / HUANGYa Qiong,1,55500,SEOSeung Jae / CHAEYuJung,73,26250,DechapolPUAVARANUKROH / SapsireeTAERATTANACHAI,11,10500,YutaWATANABE / ArisaHIGASHINO,13,10500
44,  MAC,30-04,  Macau Open 2018,150000,  HSBC BWF World Tour Super 300, Macau City,https://bwfworldtour.bwfbadminton.com/tournament/3158/macau-open-2018/results/podium/,2018,85 ENTRIES FROM 19 COUNTRIES,LEEHyun Il,25,11250,ZHOUZe Qi,117,5700,LUChia Hung,99,2175,SitthikomTHAMMASIN,49,2175,52 ENTRIES FROM 13 COUNTRIES,MichelleLI,16,11250,HANYue,37,5700,CHEUNGNgan Yi,22,2175,AyumiMINE,44,2175,46 ENTRIES FROM 14 COUNTRIES,KIMGi Jung / LEEYong Dae,169,11850,KOSung Hyun / SHINBaek Cheol,125,5700,CHANGKo-Chi / LUChia Pin,82,2100,LUChing Yao / YANGPo Han,27,2100,32 ENTRIES FROM 9 COUNTRIES,VivianHOO / YAPCheng Wen,92,11850,MisatoARATAMA / AkaneWATANABE,31,5700,YulfiraBARKAH / Jauza FadhilaSUGIARTO,124,2100,NamiMATSUYAMA / ChiharuSHIDA,22,2100,43 ENTRIES FROM 9 COUNTRIES,TANGChun Man / TSEYing Suet,4,11850,LEEChun Hei Regina / CHAUHoi Wah,24,5700,Akbar BintangCAHYONO / Winny OktavinaKANDOW,35,2100,HOOPang Ron / CHEAHYee See,148,2100
45,  CHN,06-11,  Fuzhou China Open 2018,700000,  HSBC BWF World Tour Super 750, Fuzhou,https://bwfworldtour.bwfbadminton.com/tournament/3159/fuzhou-china-open-2018/results/podium/,2018,48 ENTRIES FROM 15 COUNTRIES,KentoMOMOTA,1,49000,CHOUTien Chen,4,23800,CHENLong,7,9800,SHIYu Qi,2,9800,42 ENTRIES FROM 16 COUNTRIES,CHENYu Fei,4,49000,NozomiOKUHARA,8,23800,HEBing Jiao,7,9800,CarolinaMARIN,5,9800,41 ENTRIES FROM 11 COUNTRIES,Marcus FernaldiGIDEON / Kevin SanjayaSUKAMULJO,1,51800,HEJi Ting / TANQiang,14,24500,MohammadAHSAN / HendraSETIAWAN,16,9800,LIUCheng / ZHANGNan,3,9800,29 ENTRIES FROM 11 COUNTRIES,LEESo Hee / SHINSeung Chan,7,51800,MayuMATSUMOTO / WakanaNAGAHARA,5,24500,CHAEYuJung / KIMSo Yeong,N/A,9800,MisakiMATSUTOMO / AyakaTAKAHASHI,2,9800,41 ENTRIES FROM 14 COUNTRIES,ZHENGSi Wei / HUANGYa Qiong,1,51800,WANGYi Lyu / HUANGDong Ping,2,24500,HEJi Ting / DUYue,13,9800,YutaWATANABE / ArisaHIGASHINO,10,9800
46,  HKG,13-18,  YONEX-SUNRISE Hong Kong Open 2018,400000,  HSBC BWF World Tour Super 500, Kowloon,https://bwfworldtour.bwfbadminton.com/tournament/3337/yonex-sunrise-hong-kong-open-2018/results/podium/,2018,59 ENTRIES FROM 17 COUNTRIES,SONWan Ho,8,30000,KentaNISHIMOTO,10,15200,LEECheuk Yiu,54,5800,KentoMOMOTA,1,5800,53 ENTRIES FROM 17 COUNTRIES,NozomiOKUHARA,7,30000,RatchanokINTANON,6,15200,SUNGJi Hyun,9,5800,TAITzu Ying,1,5800,56 ENTRIES FROM 15 COUNTRIES,Marcus FernaldiGIDEON / Kevin SanjayaSUKAMULJO,1,31600,TakeshiKAMURA / KeigoSONODA,4,15200,MohammadAHSAN / HendraSETIAWAN,16,5600,FajarALFIAN / Muhammad RianARDIANTO,8,5600,38 ENTRIES FROM 13 COUNTRIES,YukiFUKUSHIMA / SayakaHIROTA,1,31600,LEESo Hee / SHINSeung Chan,7,15200,GreysiaPOLII / ApriyaniRAHAYU,4,5600,ShihoTANAKA / KoharuYONEMOTO,6,5600,52 ENTRIES FROM 15 COUNTRIES,YutaWATANABE / ArisaHIGASHINO,8,31600,WANGYi Lyu / HUANGDong Ping,2,15200,LEEYang / HSUYa Ching,29,5600,DechapolPUAVARANUKROH / SapsireeTAERATTANACHAI,13,5600
47,  IND,20-25,  Syed Modi International Badminton Championships 2018,150000,  HSBC BWF World Tour Super 300, Lucknow,https://bwfworldtour.bwfbadminton.com/tournament/3171/syed-modi-international-badminton-championships-2018/results/podium/,2018,109 ENTRIES FROM 15 COUNTRIES,SameerVERMA,23,11250,LUGuang Zu,49,5700,Chico  AuraDWI WARDOYO,127,2175,SitthikomTHAMMASIN,52,2175,55 ENTRIES FROM 9 COUNTRIES,HANYue,34,11250,SainaNEHWAL,10,5700,RuselliHARTAWAN,66,2175,LIXue Rui,60,2175,60 ENTRIES FROM 11 COUNTRIES,FajarALFIAN / Muhammad RianARDIANTO,8,11850,SatwiksairajRANKIREDDY / ChiragSHETTY,24,5700,MathiasBOE / CarstenMOGENSEN,11,2100,VladimirIVANOV / IvanSOZONOV,20,2100,41 ENTRIES FROM 8 COUNTRIES,CHOWMei Kuan / LEEMeng Yean,18,11850,AshwiniPONNAPPA / REDDYN. Sikki,27,5700,EkaterinaBOLOTOVA / AlinaDAVLETOVA,31,2100,Della DestiaraHARIS / Rizki AmeliaPRADIPTA,12,2100,60 ENTRIES FROM 12 COUNTRIES,OUXuan Yi / FENGXue Ying,N/A,11850,RinovRIVALDY / Pitha HaningtyaMENTARI,31,5700,Alfian EkoPRASETYA / Marsheilla GiscISLAMI,62,2100,SatwiksairajRANKIREDDY / AshwiniPONNAPPA,33,2100
48,  KOR,27-02,  GWANGJU Korea Masters 2018,250000,  HSBC BWF World Tour Super 300, Gwangju,https://bwfworldtour.bwfbadminton.com/tournament/3161/gwangju-korea-masters-2018/results/podium/,2018,100 ENTRIES FROM 20 COUNTRIES,SONWan Ho,9,18750,LEEZii Jia,42,9500,LEECheuk Yiu,50,3625,SitthikomTHAMMASIN,49,3625,68 ENTRIES FROM 12 COUNTRIES,LIXue Rui,57,18750,HANYue,35,9500,GOHJin Wei,27,3625,KIMHyo Min,70,3625,52 ENTRIES FROM 12 COUNTRIES,CHOISolGyu / SEOSeung Jae,107,19750,POLi-Wei / WANGChi-Lin,N/A,9500,KIMSa Rang / TANBoon Heong,N/A,3500,LUChing Yao / YANGPo Han,28,3500,40 ENTRIES FROM 10 COUNTRIES,CHANGYe Na / JUNGKyung Eun,21,19750,LEESo Hee / SHINSeung Chan,8,9500,YulfiraBARKAH / Jauza FadhilaSUGIARTO,109,3500,BAEKHa Na / KIMHye Rin,N/A,3500,52 ENTRIES FROM 10 COUNTRIES,KOSung Hyun / EOMHye Won,N/A,19750,CHOISolGyu / SHINSeung Chan,232,9500,PraveenJORDAN / Melati DaevaOKTAVIANTI,15,3500,Hee ChunMAK / CHAUHoi Wah,N/A,3500
50,  CHN,12-16,  HSBC BWF World Tour Finals 2018,1500000,  HSBC BWF World Tour Finals, Guangzhou,https://bwfworldtourfinals.bwfbadminton.com/results/3317/hsbc-bwf-world-tour-finals-2018/results/podium/,2018,0,0,0,0,0,0,0,0,0,0,0,0,0,0,0,0,0,0,0,0,0,0,0,0,0,0,0,0,0,0,0,0,0,0,0,0,0,0,0,0,0,0,0,0,0,0,0,0,0,0,0,0,0,0,0,0,0,0,0,0,0,0,0,0,0
02,  THA,08-13,  PRINCESS SIRIVANNAVARI Thailand Masters 2019,150000,  HSBC BWF World Tour Super 300, Bangkok,https://bwfworldtour.bwfbadminton.com/tournament/3350/princess-sirivannavari-thailand-masters-2019/results/podium/,2019,98 ENTRIES FROM 24 COUNTRIES,LOHKean Yew,126,11250,LINDan,13,5700,BriceLEVERDEZ,30,2175,LUGuang Zu,31,2175,73 ENTRIES FROM 19 COUNTRIES,FitrianiFITRIANI,33,11250,BusananONGBAMRUNGP,29,5700,PornpaweeCHOCHUWONG,22,2175,DENGJoy Xuan,N/A,2175,72 ENTRIES FROM 18 COUNTRIES,GOHV Shem / TANWee Kiong,15,11850,LUChing Yao / YANGPo Han,27,5700,GOHSze Fei / NurIZZUDDIN,48,2100,AkiraKOGA / TaichiSAITO,56,2100,42 ENTRIES FROM 13 COUNTRIES,PuttitaSUPAJIRAKUL / SapsireeTAERATTANACHAI,87,11850,LIWen Mei / ZHENGYu,59,5700,EkaterinaBOLOTOVA / AlinaDAVLETOVA,27,2100,SelenaPIEK / CherylSEINEN,25,2100,59 ENTRIES FROM 18 COUNTRIES,CHANPeng Soon / GOHLiu Ying,6,11850,DechapolPUAVARANUKROH / SapsireeTAERATTANACHAI,7,5700,NipitphonPHUANGPHUAPET / SavitreeAMITRAPAI,32,2100,TANGChun Man / NGTsz Yau,N/A,2100
03,  MAS,15-20,  PERODUA Malaysia Masters 2019,350000,  HSBC BWF World Tour Super 500, Kuala Lumpur,https://bwfworldtour.bwfbadminton.com/tournament/3351/perodua-malaysia-masters-2019/results/podium/,2019,67 ENTRIES FROM 18 COUNTRIES,SONWan Ho,6,26250,CHENLong,5,13300,ViktorAXELSEN,4,5075,LIEWDaren,24,5075,57 ENTRIES FROM 19 COUNTRIES,RatchanokINTANON,8,26250,CarolinaMARIN,4,13300,GOHJin Wei,28,5075,SainaNEHWAL,9,5075,66 ENTRIES FROM 18 COUNTRIES,Marcus FernaldiGIDEON / Kevin SanjayaSUKAMULJO,1,27650,ONGYew Sin / TEOEe Yi,29,13300,AaronCHIA / SOHWooi Yik,22,4900,GOHV Shem / TANWee Kiong,15,4900,47 ENTRIES FROM 17 COUNTRIES,YukiFUKUSHIMA / SayakaHIROTA,1,27650,GreysiaPOLII / ApriyaniRAHAYU,4,13300,MayuMATSUMOTO / WakanaNAGAHARA,3,4900,MisakiMATSUTOMO / AyakaTAKAHASHI,2,4900,59 ENTRIES FROM 19 COUNTRIES,YutaWATANABE / ArisaHIGASHINO,3,27650,DechapolPUAVARANUKROH / SapsireeTAERATTANACHAI,7,13300,CHANPeng Soon / GOHLiu Ying,6,4900,RobinTABELING / SelenaPIEK,N/A,4900
04,  INA,22-27,  DAIHATSU Indonesia Masters 2019,350000,  HSBC BWF World Tour Super 500, Jakarta,https://bwfworldtour.bwfbadminton.com/tournament/3388/daihatsu-indonesia-masters-2019/results/podium/,2019,103 ENTRIES FROM 17 COUNTRIES,AndersANTONSEN,19,26250,KentoMOMOTA,1,13300,ViktorAXELSEN,4,5075,JonatanCHRISTIE,11,5075,97 ENTRIES FROM 20 COUNTRIES,SainaNEHWAL,9,26250,CarolinaMARIN,4,13300,CHENYu Fei,3,5075,HEBing Jiao,7,5075,71 ENTRIES FROM 16 COUNTRIES,Marcus FernaldiGIDEON / Kevin SanjayaSUKAMULJO,1,27650,MohammadAHSAN / HendraSETIAWAN,9,13300,KimASTRUP / Anders SkaarupRASMUSSEN,7,4900,HANCheng Kai / ZHOUHao Dong,10,4900,63 ENTRIES FROM 15 COUNTRIES,MisakiMATSUTOMO / AyakaTAKAHASHI,2,27650,KIMSo Yeong / KONGHee Yong,60,13300,MayuMATSUMOTO / WakanaNAGAHARA,3,4900,GreysiaPOLII / ApriyaniRAHAYU,4,4900,70 ENTRIES FROM 17 COUNTRIES,ZHENGSi Wei / HUANGYa Qiong,1,27650,TontowiAHMAD / LiliyanaNATSIR,4,13300,CHANPeng Soon / GOHLiu Ying,6,4900,YutaWATANABE / ArisaHIGASHINO,3,4900
08,  ESP,19-24,  Barcelona Spain Masters 2019,150000,  HSBC BWF World Tour Super 300, Barcelona,https://bwfworldtour.bwfbadminton.com/tournament/3498/barcelona-spain-masters-2019/results/podium/,2019,91 ENTRIES FROM 27 COUNTRIES,ViktorAXELSEN,6,11250,AndersANTONSEN,18,5700,RENPeng Bo,179,2175,ZHAOJun Peng,44,2175,69 ENTRIES FROM 28 COUNTRIES,MiaBLICHFELDT,19,11250,Line HøjmaKJAERSFELDT,21,5700,CAIYan Yan,20,2175,HANYue,16,2175,47 ENTRIES FROM 19 COUNTRIES,LEEYang / WANGChi-Lin,N/A,11850,KIMWon Ho / SEOSeung Jae,66,5700,MathiasBOE / CarstenMOGENSEN,20,2100,LUChing Yao / YANGPo Han,22,2100,37 ENTRIES FROM 24 COUNTRIES,KIMSo Yeong / KONGHee Yong,60,11850,NamiMATSUYAMA / ChiharuSHIDA,13,5700,BAEKHa Na / KIMHye Rin,87,2100,GabrielaSTOEVA / StefaniSTOEVA,9,2100,52 ENTRIES FROM 22 COUNTRIES,SEOSeung Jae / CHAEYuJung,19,11850,WANGChi-Lin / CHENGChi Ya,N/A,5700,CHOISolGyu / KIMSo Yeong,N/A,2100,MarcusELLIS / LaurenSMITH,14,2100
09,  GER,26-03,  YONEX German Open 2019,150000,  HSBC BWF World Tour Super 300, Muelheim an der Ruhr,https://bwfworldtour.bwfbadminton.com/tournament/3352/yonex-german-open-2019/results/podium/,2019,117 ENTRIES FROM 36 COUNTRIES,KentoMOMOTA,1,11250,KentaNISHIMOTO,10,5700,CHOUTien Chen,3,2175,Hans-KristiVITTINGHUS,30,2175,89 ENTRIES FROM 29 COUNTRIES,AkaneYAMAGUCHI,6,11250,RatchanokINTANON,8,5700,GOHJin Wei,25,2175,NozomiOKUHARA,2,2175,63 ENTRIES FROM 25 COUNTRIES,HiroyukiENDO / YutaWATANABE,5,11850,TakeshiKAMURA / KeigoSONODA,3,5700,GOHSze Fei / NurIZZUDDIN,43,2100,BodinISARA / ManeepongJONGJIT,30,2100,56 ENTRIES FROM 23 COUNTRIES,DUYue / LIYin Hui,11,11850,MisakiMATSUTOMO / AyakaTAKAHASHI,2,5700,YukiFUKUSHIMA / SayakaHIROTA,1,2100,MayuMATSUMOTO / WakanaNAGAHARA,3,2100,77 ENTRIES FROM 28 COUNTRIES,SEOSeung Jae / CHAEYuJung,17,11850,HafizFAIZAL / Gloria EmanuellWIDJAJA,14,5700,GOHSoon Huat / LAIShevon Jemie,11,2100,RobinTABELING / SelenaPIEK,121,2100
10,  ENG,06-10,  YONEX All England Open Badminton Championships 2019,1000000,  HSBC BWF World Tour Super 1000, Birmingham,https://bwfworldtour.bwfbadminton.com/tournament/3376/yonex-all-england-open-badminton-championships-2019/results/podium/,2019,48 ENTRIES FROM 17 COUNTRIES,KentoMOMOTA,1,70000,ViktorAXELSEN,6,34000,NGKa Long Ang,14,14000,SHIYu Qi,2,14000,48 ENTRIES FROM 22 COUNTRIES,CHENYu Fei,5,70000,TAITzu Ying,1,34000,NozomiOKUHARA,2,14000,AkaneYAMAGUCHI,6,14000,46 ENTRIES FROM 16 COUNTRIES,MohammadAHSAN / HendraSETIAWAN,8,74000,AaronCHIA / SOHWooi Yik,21,35000,FajarALFIAN / Muhammad RianARDIANTO,10,14000,TakeshiKAMURA / KeigoSONODA,3,14000,41 ENTRIES FROM 19 COUNTRIES,CHENQing Chen / JIAYi Fan,5,74000,MayuMATSUMOTO / WakanaNAGAHARA,3,35000,YukiFUKUSHIMA / SayakaHIROTA,1,14000,ShihoTANAKA / KoharuYONEMOTO,7,14000,49 ENTRIES FROM 19 COUNTRIES,ZHENGSi Wei / HUANGYa Qiong,1,74000,YutaWATANABE / ArisaHIGASHINO,3,35000,GOHSoon Huat / LAIShevon Jemie,11,14000,PraveenJORDAN / Melati DaevaOKTAVIANTI,15,14000
11,  SUI,12-17,  YONEX Swiss Open 2019,150000,  HSBC BWF World Tour Super 300, Basel,https://bwfworldtour.bwfbadminton.com/tournament/3439/yonex-swiss-open-2019/results/podium/,2019,108 ENTRIES FROM 35 COUNTRIES,SHIYu Qi,2,11250,SAI PRANEETB.,26,5700,CHENLong,4,2175,Anthony SinGINTING,8,2175,64 ENTRIES FROM 29 COUNTRIES,CHENYu Fei,4,11250,SaenaKAWAKAMI,33,5700,SUNGJi Hyun,10,2175,BeiwenZHANG,12,2175,63 ENTRIES FROM 24 COUNTRIES,FajarALFIAN / Muhammad RianARDIANTO,9,11850,LEEYang / WANGChi-Lin,N/A,5700,MarcusELLIS / ChrisLANGRIDGE,17,2100,KIMGi Jung / LEEYong Dae,37,2100,52 ENTRIES FROM 22 COUNTRIES,CHANGYe Na / JUNGKyung Eun,14,11850,NamiMATSUYAMA / ChiharuSHIDA,13,5700,GabrielaSTOEVA / StefaniSTOEVA,8,2100,LIWen Mei / ZHENGYu,42,2100,57 ENTRIES FROM 23 COUNTRIES,MathiasBAY-SMIDT / RikkeSØBY,90,11850,RinovRIVALDY / Pitha HaningtyaMENTARI,24,5700,LUChing Yao / LEEChia Hsin,228,2100,LUKai / CHENLu,19,2100
13,  IND,26-31,  YONEX-SUNRISE India Open 2019,350000,  HSBC BWF World Tour Super 500, New Delhi,https://bwfworldtour.bwfbadminton.com/tournament/3392/yonex-sunrise-india-open-2019/results/podium/,2019,64 ENTRIES FROM 12 COUNTRIES,ViktorAXELSEN,6,26250,KIDAMBISrikanth,8,13300,HUANGYu Xiang,23,5075,PARUPALLIKashyap,50,5075,62 ENTRIES FROM 13 COUNTRIES,RatchanokINTANON,8,26250,HEBing Jiao,7,13300,HANYue,16,5075,PUSARLAV. Sindhu,6,5075,43 ENTRIES FROM 9 COUNTRIES,LEEYang / WANGChi-Lin,N/A,27650,RickyKARANDASUWARDI / AnggaPRATAMA,93,13300,KimASTRUP / Anders SkaarupRASMUSSEN,6,4900,ATTRIManu / REDDYB. Sumeeth,26,4900,44 ENTRIES FROM 11 COUNTRIES,GreysiaPOLII / ApriyaniRAHAYU,4,27650,CHOWMei Kuan / LEEMeng Yean,17,13300,Della DestiaraHARIS / Tania OktavianiKUSUMAH,N/A,4900,JongkolphanKITITHARAKUL / RawindaPRAJONGJAI,10,4900,52 ENTRIES FROM 12 COUNTRIES,WANGYi Lyu / HUANGDong Ping,2,27650,PraveenJORDAN / Melati DaevaOKTAVIANTI,16,13300,HafizFAIZAL / Gloria EmanuellWIDJAJA,11,4900,LEEYang / YANGChing Tun,N/A,4900
14,  MAS,02-07,  CELCOM AXIATA Malaysia Open 2019,700000,  HSBC BWF World Tour Super 750, Kuala Lumpur,https://bwfworldtour.bwfbadminton.com/tournament/3355/celcom-axiata-malaysia-open-2019/results/podium/,2019,48 ENTRIES FROM 13 COUNTRIES,LINDan,12,49000,CHENLong,4,23800,JonatanCHRISTIE,9,9800,SHIYu Qi,2,9800,42 ENTRIES FROM 18 COUNTRIES,TAITzu Ying,1,49000,AkaneYAMAGUCHI,5,23800,CHENYu Fei,4,9800,NozomiOKUHARA,2,9800,40 ENTRIES FROM 12 COUNTRIES,LIJun Hui / LIUYu Chen,2,51800,TakeshiKAMURA / KeigoSONODA,3,24500,FajarALFIAN / Muhammad RianARDIANTO,9,9800,TakuroHOKI / YugoKOBAYASHI,27,9800,39 ENTRIES FROM 15 COUNTRIES,CHENQing Chen / JIAYi Fan,5,51800,DUYue / LIYin Hui,11,24500,CHANGYe Na / JUNGKyung Eun,14,9800,JongkolphanKITITHARAKUL / RawindaPRAJONGJAI,10,9800,43 ENTRIES FROM 16 COUNTRIES,ZHENGSi Wei / HUANGYa Qiong,1,51800,WANGYi Lyu / HUANGDong Ping,2,24500,DechapolPUAVARANUKROH / SapsireeTAERATTANACHAI,4,9800,TANKian Meng / LAIPei Jing,38,9800
15,  SGP,09-14,  Singapore Open 2019,355000,  HSBC BWF World Tour Super 500, Singapore,https://bwfworldtour.bwfbadminton.com/tournament/3356/singapore-open-2019/results/podium/,2019,65 ENTRIES FROM 15 COUNTRIES,KentoMOMOTA,1,26625,Anthony SinGINTING,7,13490,ViktorAXELSEN,6,5147,CHOUTien Chen,3,5147,50 ENTRIES FROM 20 COUNTRIES,TAITzu Ying,1,26625,NozomiOKUHARA,2,13490,PUSARLAV. Sindhu,6,5147,AkaneYAMAGUCHI,5,5147,46 ENTRIES FROM 13 COUNTRIES,TakeshiKAMURA / KeigoSONODA,3,28045,MohammadAHSAN / HendraSETIAWAN,7,13490,LIJun Hui / LIUYu Chen,2,4970,Marcus FernaldiGIDEON / Kevin SanjayaSUKAMULJO,1,4970,41 ENTRIES FROM 15 COUNTRIES,MayuMATSUMOTO / WakanaNAGAHARA,3,28045,KIMHye Jeong / KONGHee Yong,55,13490,YukiFUKUSHIMA / SayakaHIROTA,1,4970,LIUXuan Xuan / XIAYu Ting,81,4970,44 ENTRIES FROM 14 COUNTRIES,DechapolPUAVARANUKROH / SapsireeTAERATTANACHAI,4,28045,TANKian Meng / LAIPei Jing,37,13490,HafizFAIZAL / Gloria EmanuellWIDJAJA,11,4970,ZHENGSi Wei / HUANGYa Qiong,1,4970
18,  NZL,30-05,  BARFOOT & THOMPSON New Zealand Open 2019,150000,  HSBC BWF World Tour Super 300, Auckland,https://bwfworldtour.bwfbadminton.com/tournament/3357/barfoot-thompson-new-zealand-open-2019/results/podium/,2019,76 ENTRIES FROM 17 COUNTRIES,JonatanCHRISTIE,10,11250,NGKa Long Ang,14,5700,LINDan,16,2175,KantaTSUNEYAMA,13,2175,57 ENTRIES FROM 14 COUNTRIES,ANSe Young,89,11250,LIXue Rui,21,5700,AyaOHORI,19,2175,AkaneYAMAGUCHI,4,2175,51 ENTRIES FROM 16 COUNTRIES,MohammadAHSAN / HendraSETIAWAN,4,11850,HiroyukiENDO / YutaWATANABE,5,5700,GOHV Shem / TANWee Kiong,14,2100,TakeshiKAMURA / KeigoSONODA,3,2100,43 ENTRIES FROM 14 COUNTRIES,KIMSo Yeong / KONGHee Yong,24,11850,MisakiMATSUTOMO / AyakaTAKAHASHI,2,5700,DONGWen Jing / FENGXue Ying,31,2100,YukiFUKUSHIMA / SayakaHIROTA,1,2100,58 ENTRIES FROM 16 COUNTRIES,CHANPeng Soon / GOHLiu Ying,5,11850,PraveenJORDAN / Melati DaevaOKTAVIANTI,15,5700,HafizFAIZAL / Gloria EmanuellWIDJAJA,11,2100,WANGChi-Lin / CHENGChi Ya,90,2100
23,  AUS,04-09,  CROWN GROUP Australian Open 2019,150000,  HSBC BWF World Tour Super 300, Sydney,https://bwfworldtour.bwfbadminton.com/tournament/3358/crown-group-australian-open-2019/results/podium/,2019,95 ENTRIES FROM 18 COUNTRIES,JonatanCHRISTIE,9,11250,Anthony SinGINTING,7,5700,CHOUTien Chen,4,2175,WANGTzu Wei,32,2175,68 ENTRIES FROM 16 COUNTRIES,CHENYu Fei,3,11250,NozomiOKUHARA,2,5700,RatchanokINTANON,7,2175,NitchaonJINDAPOL,29,2175,58 ENTRIES FROM 14 COUNTRIES,KOSung Hyun / SHINBaek Cheol,37,11850,TakeshiKAMURA / KeigoSONODA,2,5700,CHOISolGyu / SEOSeung Jae,40,2100,LIJun Hui / LIUYu Chen,3,2100,44 ENTRIES FROM 13 COUNTRIES,YukiFUKUSHIMA / SayakaHIROTA,2,11850,CHENQing Chen / JIAYi Fan,3,5700,GreysiaPOLII / ApriyaniRAHAYU,5,2100,MisakiMATSUTOMO / AyakaTAKAHASHI,4,2100,61 ENTRIES FROM 16 COUNTRIES,WANGYi Lyu / HUANGDong Ping,2,11850,PraveenJORDAN / Melati DaevaOKTAVIANTI,9,5700,TANGChun Man / TSEYing Suet,12,2100,YutaWATANABE / ArisaHIGASHINO,3,2100
28,  USA,09-14,  YONEX US Open 2019,150000,  HSBC BWF World Tour Super 300, Fullerton,https://bwfworldtour.bwfbadminton.com/tournament/3521/yonex-us-open-2019/results/podium/,2019,96 ENTRIES FROM 26 COUNTRIES,LINChun-Yi,143,11250,TanongsakSAENSOMBOON,59,5700,LINYu Hsien,66,2175,SourabhVERMA,46,2175,63 ENTRIES FROM 25 COUNTRIES,WANGZhi Yi,160,11250,KIMGa Eun,35,5700,MichelleLI,15,2175,AyumiMINE,49,2175,59 ENTRIES FROM 22 COUNTRIES,KOSung Hyun / SHINBaek Cheol,34,11850,LEEYang / WANGChi-Lin,18,5700,HirokiOKAMURA / MasayukiONODERA,57,2100,LEEYong Dae / YOOYeon Seong,N/A,2100,43 ENTRIES FROM 19 COUNTRIES,NamiMATSUYAMA / ChiharuSHIDA,12,11850,BAEKHa Na / JUNGKyung Eun,N/A,5700,CHENXiao Fei / ZHANGShu Xian,N/A,2100,CHENGChi Ya / LEEChih Chen,132,2100,61 ENTRIES FROM 22 COUNTRIES,LEEJhe-Huei / HSUYa Ching,365,11850,ThomGICQUEL / DelphineDELRUE,34,5700,BenLANE / JessicaPUGH,28,2100,YANGPo-Hsuan / HULing Fang,121,2100
29,  INA,16-21,  BLIBLI Indonesia Open 2019,1250000,  HSBC BWF World Tour Super 1000, Jakarta,https://bwfworldtour.bwfbadminton.com/tournament/3394/blibli-indonesia-open-2019/results/podium/,2019,62 ENTRIES FROM 16 COUNTRIES,CHOUTien Chen,4,87500,AndersANTONSEN,13,42500,KantaphonWANGCHAROEN,17,17500,WONGWing Ki Vin,36,17500,59 ENTRIES FROM 17 COUNTRIES,AkaneYAMAGUCHI,4,87500,PUSARLAV. Sindhu,5,42500,CHENYu Fei,2,17500,TAITzu Ying,1,17500,52 ENTRIES FROM 15 COUNTRIES,Marcus FernaldiGIDEON / Kevin SanjayaSUKAMULJO,1,92500,MohammadAHSAN / HendraSETIAWAN,4,43750,TakuroHOKI / YugoKOBAYASHI,16,17500,LIJun Hui / LIUYu Chen,3,17500,49 ENTRIES FROM 17 COUNTRIES,YukiFUKUSHIMA / SayakaHIROTA,2,92500,MisakiMATSUTOMO / AyakaTAKAHASHI,3,43750,CHENQing Chen / JIAYi Fan,4,17500,LEESo Hee / SHINSeung Chan,6,17500,63 ENTRIES FROM 21 COUNTRIES,ZHENGSi Wei / HUANGYa Qiong,1,92500,WANGYi Lyu / HUANGDong Ping,2,43750,CHANPeng Soon / GOHLiu Ying,5,17500,TANKian Meng / LAIPei Jing,18,17500
30,  JPN,23-28,  DAIHATSU YONEX Japan Open 2019,750000,  HSBC BWF World Tour Super 750, Tokyo,https://bwfworldtour.bwfbadminton.com/tournament/3359/daihatsu-yonex-japan-open-2019/results/podium/,2019,56 ENTRIES FROM 17 COUNTRIES,KentoMOMOTA,1,52500,JonatanCHRISTIE,7,25500,Jan OJORGENSEN,29,10500,SAI PRANEETB.,23,10500,52 ENTRIES FROM 20 COUNTRIES,AkaneYAMAGUCHI,4,52500,NozomiOKUHARA,3,25500,CHENYu Fei,2,10500,MichelleLI,15,10500,50 ENTRIES FROM 19 COUNTRIES,Marcus FernaldiGIDEON / Kevin SanjayaSUKAMULJO,1,55500,MohammadAHSAN / HendraSETIAWAN,4,26250,LIJun Hui / LIUYu Chen,3,10500,TakeshiKAMURA / KeigoSONODA,2,10500,44 ENTRIES FROM 18 COUNTRIES,KIMSo Yeong / KONGHee Yong,14,55500,MayuMATSUMOTO / WakanaNAGAHARA,1,26250,MisakiMATSUTOMO / AyakaTAKAHASHI,3,10500,LIWen Mei / ZHENGYu,16,10500,54 ENTRIES FROM 21 COUNTRIES,WANGYi Lyu / HUANGDong Ping,2,55500,PraveenJORDAN / Melati DaevaOKTAVIANTI,7,26250,CHANPeng Soon / GOHLiu Ying,5,10500,HafizFAIZAL / Gloria EmanuellWIDJAJA,6,10500
31,  THA,30-04,  TOYOTA Thailand Open 2019,350000,  HSBC BWF World Tour Super 500, Bangkok,https://bwfworldtour.bwfbadminton.com/tournament/3360/toyota-thailand-open-2019/results/podium/,2019,68 ENTRIES FROM 17 COUNTRIES,CHOUTien Chen,4,26250,NGKa Long Ang,15,13300,LEEZii Jia,18,5075,KantaTSUNEYAMA,11,5075,63 ENTRIES FROM 20 COUNTRIES,CHENYu Fei,2,26250,RatchanokINTANON,7,13300,PornpaweeCHOCHUWONG,18,5075,SayakaTAKAHASHI,16,5075,57 ENTRIES FROM 14 COUNTRIES,SatwiksairajRANKIREDDY / ChiragSHETTY,19,27650,LIJun Hui / LIUYu Chen,3,13300,HiroyukiENDO / YutaWATANABE,5,4900,KOSung Hyun / SHINBaek Cheol,30,4900,54 ENTRIES FROM 17 COUNTRIES,ShihoTANAKA / KoharuYONEMOTO,7,27650,DUYue / LIYin Hui,8,13300,CHANGYe Na / KIMHye Rin,N/A,4900,LEESo Hee / SHINSeung Chan,6,4900,73 ENTRIES FROM 19 COUNTRIES,WANGYi Lyu / HUANGDong Ping,2,27650,YutaWATANABE / ArisaHIGASHINO,3,13300,DechapolPUAVARANUKROH / SapsireeTAERATTANACHAI,4,4900,TANGChun Man / TSEYing Suet,8,4900
36,  TPE,03-08,  YONEX Chinese Taipei Open 2019,500000,  HSBC BWF World Tour Super 300, Taipei,https://bwfworldtour.bwfbadminton.com/tournament/3362/yonex-chinese-taipei-open-2019/results/podium/,2019,81 ENTRIES FROM 18 COUNTRIES,CHOUTien Chen,3,37500,HEOKwang Hee,51,19000,Shesar HireRHUSTAVITO,34,7250,KokiWATANABE,65,7250,64 ENTRIES FROM 16 COUNTRIES,SUNGJi Hyun,11,37500,MichelleLI,12,19000,ANSe Young,33,7250,SupanidaKATETHONG,88,7250,56 ENTRIES FROM 16 COUNTRIES,GOHV Shem / TANWee Kiong,15,39500,CHOISolGyu / SEOSeung Jae,27,19000,MathiasBOE / MadsCONRAD-PETERSEN,78,7000,LEEYang / WANGChi-Lin,12,7000,39 ENTRIES FROM 13 COUNTRIES,JongkolphanKITITHARAKUL / RawindaPRAJONGJAI,11,39500,KIMSo Yeong / KONGHee Yong,9,19000,GreysiaPOLII / ApriyaniRAHAYU,5,7000,Siti Fadia SilvRAMADHANTI / RibkaSUGIARTO,307,7000,54 ENTRIES FROM 16 COUNTRIES,TANGChun Man / TSEYing Suet,9,39500,SEOSeung Jae / CHAEYuJung,7,19000,CHANPeng Soon / GOHLiu Ying,5,7000,HafizFAIZAL / Gloria EmanuellWIDJAJA,10,7000
38,  CHN,17-22,  VICTOR China Open 2019,1000000,  HSBC BWF World Tour Super 1000, Changzhou,https://bwfworldtour.bwfbadminton.com/tournament/3364/victor-china-open-2019/results/podium/,2019,56 ENTRIES FROM 17 COUNTRIES,KentoMOMOTA,1,70000,Anthony SinGINTING,8,34000,AndersANTONSEN,9,14000,CHENLong,5,14000,47 ENTRIES FROM 19 COUNTRIES,CarolinaMARIN,5,70000,TAITzu Ying,2,34000,CHENYu Fei,3,14000,SayakaTAKAHASHI,15,14000,41 ENTRIES FROM 17 COUNTRIES,Marcus FernaldiGIDEON / Kevin SanjayaSUKAMULJO,1,74000,MohammadAHSAN / HendraSETIAWAN,2,35000,FajarALFIAN / Muhammad RianARDIANTO,7,14000,LIJun Hui / LIUYu Chen,3,14000,41 ENTRIES FROM 21 COUNTRIES,CHENQing Chen / JIAYi Fan,4,74000,MisakiMATSUTOMO / AyakaTAKAHASHI,2,35000,CHANGYe Na / KIMHye Rin,62,14000,YukiFUKUSHIMA / SayakaHIROTA,3,14000,48 ENTRIES FROM 20 COUNTRIES,ZHENGSi Wei / HUANGYa Qiong,1,74000,WANGYi Lyu / HUANGDong Ping,2,35000,DechapolPUAVARANUKROH / SapsireeTAERATTANACHAI,4,14000,SEOSeung Jae / CHAEYuJung,7,14000
39,  KOR,24-29,  Korea Open 2019,400000,  HSBC BWF World Tour Super 500, Incheon,https://bwfworldtour.bwfbadminton.com/tournament/3365/korea-open-2019/results/podium/,2019,63 ENTRIES FROM 17 COUNTRIES,KentoMOMOTA,1,30000,CHOUTien Chen,2,15200,PARUPALLIKashyap,31,5800,WANGTzu Wei,28,5800,52 ENTRIES FROM 19 COUNTRIES,HEBing Jiao,7,30000,RatchanokINTANON,6,15200,MichelleLI,9,5800,TAITzu Ying,2,5800,46 ENTRIES FROM 15 COUNTRIES,FajarALFIAN / Muhammad RianARDIANTO,7,31600,TakeshiKAMURA / KeigoSONODA,4,15200,CHOISolGyu / SEOSeung Jae,23,5600,LIJun Hui / LIUYu Chen,3,5600,43 ENTRIES FROM 19 COUNTRIES,KIMSo Yeong / KONGHee Yong,9,31600,LEESo Hee / SHINSeung Chan,6,15200,AyakoSAKURAMOTO / YukikoTAKAHATA,18,5600,NamiMATSUYAMA / ChiharuSHIDA,14,5600,52 ENTRIES FROM 19 COUNTRIES,DechapolPUAVARANUKROH / SapsireeTAERATTANACHAI,4,31600,ZHENGSi Wei / HUANGYa Qiong,1,15200,RinovRIVALDY / Pitha HaningtyaMENTARI,17,5600,SEOSeung Jae / CHAEYuJung,7,5600
42,  DEN,15-20,  DANISA Denmark Open 2019,775000,  HSBC BWF World Tour Super 750, Odense V,https://bwfworldtour.bwfbadminton.com/tournament/3367/danisa-denmark-open-2019/results/podium/,2019,53 ENTRIES FROM 17 COUNTRIES,KentoMOMOTA,1,54250,CHENLong,5,26350,ViktorAXELSEN,7,10850,TommySUGIARTO,18,10850,52 ENTRIES FROM 25 COUNTRIES,TAITzu Ying,4,54250,NozomiOKUHARA,3,26350,CHENYu Fei,2,10850,CarolinaMARIN,5,10850,44 ENTRIES FROM 15 COUNTRIES,Marcus FernaldiGIDEON / Kevin SanjayaSUKAMULJO,1,57350,MohammadAHSAN / HendraSETIAWAN,2,27125,TakeshiKAMURA / KeigoSONODA,4,10850,LUChing Yao / YANGPo Han,21,10850,43 ENTRIES FROM 18 COUNTRIES,BAEKHa Na / JUNGKyung Eun,53,57350,CHENQing Chen / JIAYi Fan,4,27125,YukiFUKUSHIMA / SayakaHIROTA,2,10850,MayuMATSUMOTO / WakanaNAGAHARA,1,10850,50 ENTRIES FROM 18 COUNTRIES,PraveenJORDAN / Melati DaevaOKTAVIANTI,7,57350,WANGYi Lyu / HUANGDong Ping,2,27125,SEOSeung Jae / CHAEYuJung,6,10850,WANGChi-Lin / CHENGChi Ya,36,10850
43,  FRA,22-27,  YONEX French Open 2019,750000,  HSBC BWF World Tour Super 750, PARIS,https://bwfworldtour.bwfbadminton.com/tournament/3368/yonex-french-open-2019/results/podium/,2019,55 ENTRIES FROM 21 COUNTRIES,CHENLong,5,52500,JonatanCHRISTIE,6,25500,ViktorAXELSEN,7,10500,Anthony SinGINTING,9,10500,53 ENTRIES FROM 25 COUNTRIES,ANSe Young,22,52500,CarolinaMARIN,5,25500,TAITzu Ying,4,10500,AkaneYAMAGUCHI,1,10500,45 ENTRIES FROM 17 COUNTRIES,Marcus FernaldiGIDEON / Kevin SanjayaSUKAMULJO,1,55500,SatwiksairajRANKIREDDY / ChiragSHETTY,14,26250,HiroyukiENDO / YutaWATANABE,5,10500,LIAOMin Chun / SUChing Heng,15,10500,39 ENTRIES FROM 19 COUNTRIES,LEESo Hee / SHINSeung Chan,6,55500,KIMSo Yeong / KONGHee Yong,8,26250,YukiFUKUSHIMA / SayakaHIROTA,2,10500,MayuMATSUMOTO / WakanaNAGAHARA,1,10500,48 ENTRIES FROM 19 COUNTRIES,PraveenJORDAN / Melati DaevaOKTAVIANTI,7,55500,ZHENGSi Wei / HUANGYa Qiong,1,26250,ChrisADCOCK / GabrielleADCOCK,12,10500,YutaWATANABE / ArisaHIGASHINO,3,10500
44,  MAC,29-03,  Macau Open 2019,150000,  HSBC BWF World Tour Super 300, Macau,https://bwfworldtour.bwfbadminton.com/tournament/3377/macau-open-2019/results/podium/,2019,73 ENTRIES FROM 19 COUNTRIES,SitthikomTHAMMASIN,24,11250,SHIYu Qi,3,5700,SUNFei Xiang,52,2175,KantaphonWANGCHAROEN,14,2175,48 ENTRIES FROM 12 COUNTRIES,MichelleLI,9,11250,HANYue,14,5700,KIMGa Eun,24,2175,NatsukiNIDAIRA,132,2175,46 ENTRIES FROM 12 COUNTRIES,LIJun Hui / LIUYu Chen,3,11850,HUANGKai Xiang / LIUCheng,65,5700,GOHSze Fei / NurIZZUDDIN,29,2100,OUXuan Yi / ZHANGNan,57,2100,32 ENTRIES FROM 12 COUNTRIES,DUYue / LIYin Hui,7,11850,JongkolphanKITITHARAKUL / RawindaPRAJONGJAI,10,5700,Della DestiaraHARIS / Rizki AmeliaPRADIPTA,16,2100,LIWen Mei / ZHENGYu,13,2100,39 ENTRIES FROM 13 COUNTRIES,DechapolPUAVARANUKROH / SapsireeTAERATTANACHAI,3,11850,WANGChi-Lin / CHENGChi Ya,35,5700,FENGYan Zhe / LINFang Ling,448,2100,HOOPang Ron / CHEAHYee See,40,2100
45,  CHN,05-10,  Fuzhou China Open 2019,700000,  HSBC BWF World Tour Super 750, Fuzhou,https://bwfworldtour.bwfbadminton.com/tournament/3519/fuzhou-china-open-2019/results/podium/,2019,57 ENTRIES FROM 16 COUNTRIES,KentoMOMOTA,1,49000,CHOUTien Chen,2,23800,AndersANTONSEN,4,9800,RasmusGEMKE,21,9800,48 ENTRIES FROM 22 COUNTRIES,CHENYu Fei,4,49000,NozomiOKUHARA,3,23800,MichelleLI,9,9800,TAITzu Ying,1,9800,44 ENTRIES FROM 17 COUNTRIES,Marcus FernaldiGIDEON / Kevin SanjayaSUKAMULJO,1,51800,TakeshiKAMURA / KeigoSONODA,4,24500,AaronCHIA / SOHWooi Yik,13,9800,SatwiksairajRANKIREDDY / ChiragSHETTY,12,9800,37 ENTRIES FROM 19 COUNTRIES,YukiFUKUSHIMA / SayakaHIROTA,2,51800,LEESo Hee / SHINSeung Chan,5,24500,CHENQing Chen / JIAYi Fan,4,9800,MayuMATSUMOTO / WakanaNAGAHARA,1,9800,41 ENTRIES FROM 18 COUNTRIES,WANGYi Lyu / HUANGDong Ping,2,51800,ZHENGSi Wei / HUANGYa Qiong,1,24500,GOHSoon Huat / LAIShevon Jemie,10,9800,YutaWATANABE / ArisaHIGASHINO,4,9800
46,  HKG,12-17,  YONEX-SUNRISE Hong Kong Open 2019,400000,  HSBC BWF World Tour Super 500, Hong Kong,https://bwfworldtour.bwfbadminton.com/tournament/3369/yonex-sunrise-hong-kong-open-2019/results/podium/,2019,62 ENTRIES FROM 18 COUNTRIES,LEECheuk Yiu,30,30000,Anthony SinGINTING,8,15200,JonatanCHRISTIE,6,5800,KIDAMBISrikanth,9,5800,52 ENTRIES FROM 19 COUNTRIES,CHENYu Fei,3,30000,RatchanokINTANON,5,15200,AkaneYAMAGUCHI,2,5800,BeiwenZHANG,14,5800,55 ENTRIES FROM 17 COUNTRIES,CHOISolGyu / SEOSeung Jae,13,31600,MohammadAHSAN / HendraSETIAWAN,2,15200,HiroyukiENDO / YutaWATANABE,6,5600,LIJun Hui / LIUYu Chen,3,5600,40 ENTRIES FROM 18 COUNTRIES,CHENQing Chen / JIAYi Fan,3,31600,CHANGYe Na / KIMHye Rin,33,15200,BAEKHa Na / JUNGKyung Eun,45,5600,MayuMATSUMOTO / WakanaNAGAHARA,1,5600,56 ENTRIES FROM 18 COUNTRIES,YutaWATANABE / ArisaHIGASHINO,4,31600,HEJi Ting / DUYue,13,15200,HafizFAIZAL / Gloria EmanuellWIDJAJA,9,5600,GOHSoon Huat / LAIShevon Jemie,10,5600
47,  KOR,19-24,  Gwangju Korea Masters 2019,200000,  HSBC BWF World Tour Super 300, Gwangju Metropolitan City,https://bwfworldtour.bwfbadminton.com/tournament/3370/gwangju-korea-masters-2019/results/podium/,2019,102 ENTRIES FROM 18 COUNTRIES,KantaTSUNEYAMA,16,15000,LINDan,18,7600,LUGuang Zu,20,2900,ZHAOJun Peng,45,2900,64 ENTRIES FROM 16 COUNTRIES,ANSe Young,19,15000,SUNGJi Hyun,10,7600,SaenaKAWAKAMI,33,2900,AkaneYAMAGUCHI,2,2900,65 ENTRIES FROM 15 COUNTRIES,LEEYang / WANGChi-Lin,9,15800,GOHV Shem / TANWee Kiong,10,7600,KIMWon Ho / PARKKyung Hoon,69,2800,CHOISolGyu / SEOSeung Jae,13,2800,50 ENTRIES FROM 13 COUNTRIES,NamiMATSUYAMA / ChiharuSHIDA,14,15800,MisakiMATSUTOMO / AyakaTAKAHASHI,4,7600,HSUYa Ching / HULing Fang,36,2800,LEESo Hee / SHINSeung Chan,5,2800,61 ENTRIES FROM 14 COUNTRIES,TANGChun Man / TSEYing Suet,11,15800,GOHSoon Huat / LAIShevon Jemie,10,7600,LEEJhe-Huei / HSUYa Ching,52,2800,YANGPo-Hsuan / HULing Fang,53,2800
48,  IND,26-01,  Ecogreen Syed Modi International Badminton Championships 2019,150000,  HSBC BWF World Tour Super 300, Lucknow,https://bwfworldtour.bwfbadminton.com/tournament/3396/ecogreen-syed-modi-international-badminton-championships-2019/results/podium/,2019,140 ENTRIES FROM 21 COUNTRIES,WANGTzu Wei,25,11250,SourabhVERMA,37,5700,HEOKwang Hee,48,2175,SONWan Ho,6,2175,89 ENTRIES FROM 21 COUNTRIES,CarolinaMARIN,5,11250,PhittayaporCHAIWAN,40,5700,RituparnaDAS,113,2175,KIMGa Eun,23,2175,65 ENTRIES FROM 14 COUNTRIES,HEJi Ting / TANQiang,15,11850,CHOISolGyu / SEOSeung Jae,12,5700,HANCheng Kai / ZHOUHao Dong,7,2100,DIZi Jian / WANGChang,68,2100,48 ENTRIES FROM 13 COUNTRIES,BAEKHa Na / JUNGKyung Eun,31,11850,CHANGYe Na / KIMHye Rin,23,5700,LindaEFLER / IsabelHERTTRICH,38,2100,NGWing Yung / YEUNGNga Ting,41,2100,67 ENTRIES FROM 15 COUNTRIES,RodionALIMOV / AlinaDAVLETOVA,26,11850,MarcusELLIS / LaurenSMITH,8,5700,ThomGICQUEL / DelphineDELRUE,22,2100,MarkLAMSFUSS / IsabelHERTTRICH,21,2100
50,  CHN,11-15,  HSBC BWF World Tour Finals 2019,1500000,  HSBC BWF World Tour Finals, Guangzhou,https://bwfworldtourfinals.bwfbadminton.com/results/3754/hsbc-bwf-world-tour-finals-2019/results/podium/,2019,0,0,0,0,0,0,0,0,0,0,0,0,0,0,0,0,0,0,0,0,0,0,0,0,0,0,0,0,0,0,0,0,0,0,0,0,0,0,0,0,0,0,0,0,0,0,0,0,0,0,0,0,0,0,0,0,0,0,0,0,0,0,0,0,0
02,  MAS,07-12,  PERODUA Malaysia Masters 2020,400000,  HSBC BWF World Tour Super 500, Kuala Lumpur,https://bwfworldtour.bwfbadminton.com/tournament/3687/perodua-malaysia-masters-2020/results/podium/,2020,81 ENTRIES FROM 24 COUNTRIES,KentoMOMOTA,1,30000,ViktorAXELSEN,5,15200,LEEZii Jia,14,5800,NGKa Long Ang,9,5800,71 ENTRIES FROM 26 COUNTRIES,CHENYu Fei,2,30000,TAITzu Ying,1,15200,HEBing Jiao,7,5800,CarolinaMARIN,5,5800,57 ENTRIES FROM 18 COUNTRIES,KIMGi Jung / LEEYong Dae,35,31600,LIJun Hui / LIUYu Chen,3,15200,FajarALFIAN / Muhammad RianARDIANTO,5,5600,MohammadAHSAN / HendraSETIAWAN,2,5600,46 ENTRIES FROM 20 COUNTRIES,LIWen Mei / ZHENGYu,10,31600,DUYue / LIYin Hui,7,15200,GreysiaPOLII / ApriyaniRAHAYU,8,5600,NamiMATSUYAMA / ChiharuSHIDA,11,5600,64 ENTRIES FROM 22 COUNTRIES,ZHENGSi Wei / HUANGYa Qiong,1,31600,WANGYi Lyu / HUANGDong Ping,2,15200,CHANPeng Soon / GOHLiu Ying,6,5600,HafizFAIZAL / Gloria EmanuellWIDJAJA,9,5600
03,  INA,14-19,  DAIHATSU Indonesia Masters 2020,400000,  HSBC BWF World Tour Super 500, Jakarta,https://bwfworldtour.bwfbadminton.com/tournament/3752/daihatsu-indonesia-masters-2020/results/podium/,2020,118 ENTRIES FROM 21 COUNTRIES,Anthony SinGINTING,8,30000,AndersANTONSEN,3,15200,ViktorAXELSEN,5,5800,LEECheuk Yiu,24,5800,93 ENTRIES FROM 28 COUNTRIES,RatchanokINTANON,5,30000,CarolinaMARIN,5,15200,HEBing Jiao,7,5800,WANGZhi Yi,21,5800,70 ENTRIES FROM 19 COUNTRIES,Marcus FernaldiGIDEON / Kevin SanjayaSUKAMULJO,1,31600,MohammadAHSAN / HendraSETIAWAN,2,15200,FajarALFIAN / Muhammad RianARDIANTO,5,5600,AaronCHIA / SOHWooi Yik,12,5600,53 ENTRIES FROM 21 COUNTRIES,GreysiaPOLII / ApriyaniRAHAYU,8,31600,MaikenFRUERGAARD / SaraTHYGESEN,31,15200,KIMSo Yeong / KONGHee Yong,6,5600,MisakiMATSUTOMO / AyakaTAKAHASHI,4,5600,64 ENTRIES FROM 22 COUNTRIES,ZHENGSi Wei / HUANGYa Qiong,1,31600,WANGYi Lyu / HUANGDong Ping,2,15200,ThomGICQUEL / DelphineDELRUE,22,5600,TANKian Meng / LAIPei Jing,14,5600
04,  THA,21-26,  Princess Sirivannavari Thailand Masters 2020,170000,  HSBC BWF World Tour Super 300, Bangkok,https://bwfworldtour.bwfbadminton.com/tournament/3688/princess-sirivannavari-thailand-masters-2020/results/podium/,2020,106 ENTRIES FROM 29 COUNTRIES,NGKa Long Ang,9,12750,KentaNISHIMOTO,16,6460,SHIYu Qi,8,2465,KunlavutVITIDSARN,41,2465,86 ENTRIES FROM 32 COUNTRIES,AkaneYAMAGUCHI,3,12750,ANSe Young,9,6460,CarolinaMARIN,5,2465,AyaOHORI,19,2465,73 ENTRIES FROM 20 COUNTRIES,ONGYew Sin / TEOEe Yi,19,13430,HUANGKai Xiang / LIUCheng,25,6460,LEEJhe-Huei / YANGPo-Hsuan,29,2380,GOHV Shem / TANWee Kiong,10,2380,62 ENTRIES FROM 21 COUNTRIES,CHENQing Chen / JIAYi Fan,1,13430,BAEKHa Na / JUNGKyung Eun,12,6460,CHANGYe Na / KIMHye Rin,11,2380,KIMSo Yeong / KONGHee Yong,5,2380,76 ENTRIES FROM 24 COUNTRIES,MarcusELLIS / LaurenSMITH,11,13430,HafizFAIZAL / Gloria EmanuellWIDJAJA,9,6460,GOHSoon Huat / LAIShevon Jemie,8,2380,TANKian Meng / LAIPei Jing,14,2380
08,  ESP,18-23,  Barcelona Spain Masters 2020,170000,  HSBC BWF World Tour Super 300, Barcelona,https://bwfworldtour.bwfbadminton.com/tournament/3748/barcelona-spain-masters-2020/results/podium/,2020,65 ENTRIES FROM 24 COUNTRIES,ViktorAXELSEN,4,12750,KunlavutVITIDSARN,37,6460,AjayJAYARAM,64,2465,LIEWDaren,41,2465,49 ENTRIES FROM 22 COUNTRIES,PornpaweeCHOCHUWONG,18,12750,CarolinaMARIN,5,6460,SupanidaKATETHONG,48,2465,BusananONGBAMRUNGP,16,2465,41 ENTRIES FROM 18 COUNTRIES,KimASTRUP / Anders SkaarupRASMUSSEN,12,13430,LEEYang / WANGChi-Lin,7,6460,AaronCHIA / SOHWooi Yik,9,2380,LUChing Yao / YANGPo Han,18,2380,25 ENTRIES FROM 14 COUNTRIES,GreysiaPOLII / ApriyaniRAHAYU,8,13430,GabrielaSTOEVA / StefaniSTOEVA,14,6460,JongkolphanKITITHARAKUL / RawindaPRAJONGJAI,10,2380,ChloeBIRCH / LaurenSMITH,21,2380,41 ENTRIES FROM 17 COUNTRIES,KIMSa Rang / KIMHa Na,110,13430,ThomGICQUEL / DelphineDELRUE,21,6460,MathiasBAY-SMIDT / RikkeSØBY,60,2380,YANGPo-Hsuan / HULing Fang,45,2380
10,  GER,03-08,  YONEX German Open 2020 (Suspended),170000,  HSBC BWF World Tour Super 300, Mülheim an der Ruhr,https://bwfworldtour.bwfbadminton.com/tournament/3689/yonex-german-open-2020-suspended/results/podium/,2020,0,0,0,0,0,0,0,0,0,0,0,0,0,0,0,0,0,0,0,0,0,0,0,0,0,0,0,0,0,0,0,0,0,0,0,0,0,0,0,0,0,0,0,0,0,0,0,0,0,0,0,0,0,0,0,0,0,0,0,0,0,0,0,0,0
11,  ENG,11-15,  YONEX All England Open 2020,1100000,  HSBC BWF World Tour Super 1000, Birmingham,https://bwfworldtour.bwfbadminton.com/tournament/3690/yonex-all-england-open-2020/results/podium/,2020,55 ENTRIES FROM 21 COUNTRIES,ViktorAXELSEN,3,77000,CHOUTien Chen,2,37400,AndersANTONSEN,6,15400,LEEZii Jia,14,15400,53 ENTRIES FROM 24 COUNTRIES,TAITzu Ying,2,77000,CHENYu Fei,1,37400,CarolinaMARIN,8,15400,NozomiOKUHARA,4,15400,42 ENTRIES FROM 16 COUNTRIES,HiroyukiENDO / YutaWATANABE,6,81400,Marcus FernaldiGIDEON / Kevin SanjayaSUKAMULJO,1,38500,VladimirIVANOV / IvanSOZONOV,29,15400,LEEYang / WANGChi-Lin,7,15400,38 ENTRIES FROM 20 COUNTRIES,YukiFUKUSHIMA / SayakaHIROTA,3,81400,DUYue / LIYin Hui,6,38500,LEESo Hee / SHINSeung Chan,4,15400,MisakiMATSUTOMO / AyakaTAKAHASHI,7,15400,46 ENTRIES FROM 20 COUNTRIES,PraveenJORDAN / Melati DaevaOKTAVIANTI,5,81400,DechapolPUAVARANUKROH / SapsireeTAERATTANACHAI,3,38500,MarcusELLIS / LaurenSMITH,11,15400,SEOSeung Jae / CHAEYuJung,6,15400
12,  SUI,17-22,  YONEX Swiss Open 2020 (Cancelled),175000,  HSBC BWF World Tour Super 300, Basel,https://bwfworldtour.bwfbadminton.com/tournament/4019/yonex-swiss-open-2020-cancelled/results/podium/,2020,0,0,0,0,0,0,0,0,0,0,0,0,0,0,0,0,0,0,0,0,0,0,0,0,0,0,0,0,0,0,0,0,0,0,0,0,0,0,0,0,0,0,0,0,0,0,0,0,0,0,0,0,0,0,0,0,0,0,0,0,0,0,0,0,0
15,  SGP,07-12,  Singapore Open 2020 (Cancelled),408000,  HSBC BWF World Tour Super 500, Singapore,https://bwfworldtour.bwfbadminton.com/tournament/4023/singapore-open-2020-cancelled/results/podium/,2020,0,0,0,0,0,0,0,0,0,0,0,0,0,0,0,0,0,0,0,0,0,0,0,0,0,0,0,0,0,0,0,0,0,0,0,0,0,0,0,0,0,0,0,0,0,0,0,0,0,0,0,0,0,0,0,0,0,0,0,0,0,0,0,0,0
23,  AUS,02-07,  CROWN GROUP Australian Open 2020 (Cancelled),170000,  HSBC BWF World Tour Super 300, Sydney,https://bwfworldtour.bwfbadminton.com/tournament/3803/crown-group-australian-open-2020-cancelled/results/podium/,2020,0,0,0,0,0,0,0,0,0,0,0,0,0,0,0,0,0,0,0,0,0,0,0,0,0,0,0,0,0,0,0,0,0,0,0,0,0,0,0,0,0,0,0,0,0,0,0,0,0,0,0,0,0,0,0,0,0,0,0,0,0,0,0,0,0
26,  USA,23-28,  YONEX US Open 2020 (Cancelled),170000,  HSBC BWF World Tour Super 300, California,https://bwfworldtour.bwfbadminton.com/tournament/3735/yonex-us-open-2020-cancelled/results/podium/,2020,0,0,0,0,0,0,0,0,0,0,0,0,0,0,0,0,0,0,0,0,0,0,0,0,0,0,0,0,0,0,0,0,0,0,0,0,0,0,0,0,0,0,0,0,0,0,0,0,0,0,0,0,0,0,0,0,0,0,0,0,0,0,0,0,0
36,  TPE,01-06,  YONEX Taipei Open 2020 (Cancelled),500000,  HSBC BWF World Tour Super 300, Taipei,https://bwfworldtour.bwfbadminton.com/tournament/3820/yonex-taipei-open-2020-cancelled/results/podium/,2020,0,0,0,0,0,0,0,0,0,0,0,0,0,0,0,0,0,0,0,0,0,0,0,0,0,0,0,0,0,0,0,0,0,0,0,0,0,0,0,0,0,0,0,0,0,0,0,0,0,0,0,0,0,0,0,0,0,0,0,0,0,0,0,0,0
37,  KOR,08-13,  Korea Open 2020 (Cancelled),400000,  HSBC BWF World Tour Super 500, Gwangju,https://bwfworldtour.bwfbadminton.com/tournament/3799/korea-open-2020-cancelled/results/podium/,2020,0,0,0,0,0,0,0,0,0,0,0,0,0,0,0,0,0,0,0,0,0,0,0,0,0,0,0,0,0,0,0,0,0,0,0,0,0,0,0,0,0,0,0,0,0,0,0,0,0,0,0,0,0,0,0,0,0,0,0,0,0,0,0,0,0
38,  CHN,15-20,  VICTOR China Open 2020 (Cancelled),1100000,  HSBC BWF World Tour Super 1000, Changzhou,https://bwfworldtour.bwfbadminton.com/tournament/3739/victor-china-open-2020-cancelled/results/podium/,2020,0,0,0,0,0,0,0,0,0,0,0,0,0,0,0,0,0,0,0,0,0,0,0,0,0,0,0,0,0,0,0,0,0,0,0,0,0,0,0,0,0,0,0,0,0,0,0,0,0,0,0,0,0,0,0,0,0,0,0,0,0,0,0,0,0
39,  JPN,22-27,  DAIHATSU YONEX Japan Open 2020 (Cancelled),750000,  HSBC BWF World Tour Super 750, Yokohama,https://bwfworldtour.bwfbadminton.com/tournament/3740/daihatsu-yonex-japan-open-2020-cancelled/results/podium/,2020,0,0,0,0,0,0,0,0,0,0,0,0,0,0,0,0,0,0,0,0,0,0,0,0,0,0,0,0,0,0,0,0,0,0,0,0,0,0,0,0,0,0,0,0,0,0,0,0,0,0,0,0,0,0,0,0,0,0,0,0,0,0,0,0,0
42,  DEN,13-18,  DANISA Denmark Open 2020,775000,  HSBC BWF World Tour Super 750, Odense V,https://bwfworldtour.bwfbadminton.com/tournament/3801/danisa-denmark-open-2020/results/podium/,2020,0,0,0,0,0,0,0,0,0,0,0,0,0,0,0,0,0,0,0,0,0,0,0,0,0,0,0,0,0,0,0,0,0,0,0,0,0,0,0,0,0,0,0,0,0,0,0,0,0,0,0,0,0,0,0,0,0,0,0,0,0,0,0,0,0
43,  FRA,20-25,  YONEX French Open 2020,750000,  HSBC BWF World Tour Super 750, Paris,https://bwfworldtour.bwfbadminton.com/tournament/3741/yonex-french-open-2020/results/podium/,2020,0,0,0,0,0,0,0,0,0,0,0,0,0,0,0,0,0,0,0,0,0,0,0,0,0,0,0,0,0,0,0,0,0,0,0,0,0,0,0,0,0,0,0,0,0,0,0,0,0,0,0,0,0,0,0,0,0,0,0,0,0,0,0,0,0
43,  NZL,20-25,  BARFOOT & THOMPSON New Zealand Open 2020 (New Dates),170000,  HSBC BWF World Tour Super 300, Auckland,https://bwfworldtour.bwfbadminton.com/tournament/3794/barfoot-thompson-new-zealand-open-2020-new-dates/results/podium/,2020,0,0,0,0,0,0,0,0,0,0,0,0,0,0,0,0,0,0,0,0,0,0,0,0,0,0,0,0,0,0,0,0,0,0,0,0,0,0,0,0,0,0,0,0,0,0,0,0,0,0,0,0,0,0,0,0,0,0,0,0,0,0,0,0,0
44,  MAC,27-01,  Macau Open 2020,170000,  HSBC BWF World Tour Super 300, Macau,https://bwfworldtour.bwfbadminton.com/tournament/3804/macau-open-2020/results/podium/,2020,0,0,0,0,0,0,0,0,0,0,0,0,0,0,0,0,0,0,0,0,0,0,0,0,0,0,0,0,0,0,0,0,0,0,0,0,0,0,0,0,0,0,0,0,0,0,0,0,0,0,0,0,0,0,0,0,0,0,0,0,0,0,0,0,0
45,  CHN,03-08,  Fuzhou China Open 2020,750000,  HSBC BWF World Tour Super 750, Fuzhou,https://bwfworldtour.bwfbadminton.com/tournament/3702/fuzhou-china-open-2020/results/podium/,2020,0,0,0,0,0,0,0,0,0,0,0,0,0,0,0,0,0,0,0,0,0,0,0,0,0,0,0,0,0,0,0,0,0,0,0,0,0,0,0,0,0,0,0,0,0,0,0,0,0,0,0,0,0,0,0,0,0,0,0,0,0,0,0,0,0
46,  HKG,10-15,  YONEX-SUNRISE Hong Kong Open 2020,400000,  HSBC BWF World Tour Super 500, Hong Kong,https://bwfworldtour.bwfbadminton.com/tournament/3786/yonex-sunrise-hong-kong-open-2020/results/podium/,2020,0,0,0,0,0,0,0,0,0,0,0,0,0,0,0,0,0,0,0,0,0,0,0,0,0,0,0,0,0,0,0,0,0,0,0,0,0,0,0,0,0,0,0,0,0,0,0,0,0,0,0,0,0,0,0,0,0,0,0,0,0,0,0,0,0
47,  IND,17-22,  Syed Modi India International 2020,170000,  HSBC BWF World Tour Super 300, Lucknow,https://bwfworldtour.bwfbadminton.com/tournament/3742/syed-modi-india-international-2020/results/podium/,2020,0,0,0,0,0,0,0,0,0,0,0,0,0,0,0,0,0,0,0,0,0,0,0,0,0,0,0,0,0,0,0,0,0,0,0,0,0,0,0,0,0,0,0,0,0,0,0,0,0,0,0,0,0,0,0,0,0,0,0,0,0,0,0,0,0
47,  INA,17-22,  BLIBLI Indonesia Open 2020 (New Dates),1350000,  HSBC BWF World Tour Super 1000, Jakarta,https://bwfworldtour.bwfbadminton.com/tournament/3785/blibli-indonesia-open-2020-new-dates/results/podium/,2020,0,0,0,0,0,0,0,0,0,0,0,0,0,0,0,0,0,0,0,0,0,0,0,0,0,0,0,0,0,0,0,0,0,0,0,0,0,0,0,0,0,0,0,0,0,0,0,0,0,0,0,0,0,0,0,0,0,0,0,0,0,0,0,0,0
48,  KOR,24-29,  GWANGJU Korea Masters 2020 (Cancelled),200000,  HSBC BWF World Tour Super 300, Gwangju Metropolitan City,https://bwfworldtour.bwfbadminton.com/tournament/3800/gwangju-korea-masters-2020-cancelled/results/podium/,2020,0,0,0,0,0,0,0,0,0,0,0,0,0,0,0,0,0,0,0,0,0,0,0,0,0,0,0,0,0,0,0,0,0,0,0,0,0,0,0,0,0,0,0,0,0,0,0,0,0,0,0,0,0,0,0,0,0,0,0,0,0,0,0,0,0
48,  MAS,24-29,  CELCOM AXIATA Malaysia Open 2020 (New Dates),750000,  HSBC BWF World Tour Super 750, Kuala Lumpur,https://bwfworldtour.bwfbadminton.com/tournament/4022/celcom-axiata-malaysia-open-2020-new-dates/results/podium/,2020,0,0,0,0,0,0,0,0,0,0,0,0,0,0,0,0,0,0,0,0,0,0,0,0,0,0,0,0,0,0,0,0,0,0,0,0,0,0,0,0,0,0,0,0,0,0,0,0,0,0,0,0,0,0,0,0,0,0,0,0,0,0,0,0,0
49,  THA,01-06,  TOYOTA Thailand Open 2020 (New Dates),400000,  HSBC BWF World Tour Super 500, Bangkok,https://bwfworldtour.bwfbadminton.com/tournament/3749/toyota-thailand-open-2020-new-dates/results/podium/,2020,0,0,0,0,0,0,0,0,0,0,0,0,0,0,0,0,0,0,0,0,0,0,0,0,0,0,0,0,0,0,0,0,0,0,0,0,0,0,0,0,0,0,0,0,0,0,0,0,0,0,0,0,0,0,0,0,0,0,0,0,0,0,0,0,0
50,  IND,08-13,  YONEX-SUNRISE India Open 2020 (New Dates),400000,  HSBC BWF World Tour Super 500, New Delhi,https://bwfworldtour.bwfbadminton.com/tournament/4021/yonex-sunrise-india-open-2020-new-dates/results/podium/,2020,0,0,0,0,0,0,0,0,0,0,0,0,0,0,0,0,0,0,0,0,0,0,0,0,0,0,0,0,0,0,0,0,0,0,0,0,0,0,0,0,0,0,0,0,0,0,0,0,0,0,0,0,0,0,0,0,0,0,0,0,0,0,0,0,0
